arc_fraction,blocking_reason,chassis,clearance_tick,congestion,distance,excess_distance,first_geometry,first_shot,geometric_ticks,longest_contact_gap,longest_no_progress,outcome,preferred_band_ticks,range_error_sum,range_samples,reacquisitions,recovery_ticks,replans,reversals,role,sampled_ticks,scenario,schema,script_rejections,seed,settled_distance,shots,ticks,visible_ticks
1.0,,mech,94,"{""checks"": 0, ""clearance_to_movement"": 30, ""clearance_to_search"": 28, ""deferrals"": 0, ""early_starts"": 0, ""first_watched_clearance"": 33, ""timed_starts"": 2}",6.288333333333333,,1,,130,0,61,completed,10,92.31460515778443,130,0,1,5,0,focal,130,late_clearance,1,0,1,0.02749999999999988,0,240,130
0.27605321507760533,,mech,94,,3.6999999999999975,,1,,36,0,6,completed,8,79.7828756813748,110,0,1,1,0,opponent,110,late_clearance,1,0,1,0.0,0,240,110
0.0,,mech,,,3.556666666666666,,,,0,0,24,completed,16,73.44579283436279,67,0,,1,0,blocker_1,67,late_clearance,1,0,1,0.0,0,240,67
0.0,,mech,,,3.556666666666666,,,,0,0,24,completed,16,73.44579283436279,67,0,,1,0,blocker_2,67,late_clearance,1,0,1,0.0,0,240,67
1.0,,mech,94,"{""checks"": 0, ""clearance_to_movement"": 30, ""clearance_to_search"": 28, ""deferrals"": 0, ""early_starts"": 0, ""first_watched_clearance"": 33, ""timed_starts"": 2}",6.288333333333333,,1,,130,0,61,completed,10,92.31460515778443,130,0,1,5,0,focal,130,late_clearance,1,0,2,0.02749999999999988,0,240,130
0.27605321507760533,,mech,94,,3.6999999999999975,,1,,36,0,6,completed,8,79.7828756813748,110,0,1,1,0,opponent,110,late_clearance,1,0,2,0.0,0,240,110
0.0,,mech,,,3.556666666666666,,,,0,0,24,completed,16,73.44579283436279,67,0,,1,0,blocker_1,67,late_clearance,1,0,2,0.0,0,240,67
0.0,,mech,,,3.556666666666666,,,,0,0,24,completed,16,73.44579283436279,67,0,,1,0,blocker_2,67,late_clearance,1,0,2,0.0,0,240,67
1.0,,mech,94,"{""checks"": 0, ""clearance_to_movement"": 30, ""clearance_to_search"": 28, ""deferrals"": 0, ""early_starts"": 0, ""first_watched_clearance"": 33, ""timed_starts"": 2}",6.288333333333333,,1,,130,0,61,completed,10,92.31460515778443,130,0,1,5,0,focal,130,late_clearance,1,0,3,0.02749999999999988,0,240,130
0.27605321507760533,,mech,94,,3.6999999999999975,,1,,36,0,6,completed,8,79.7828756813748,110,0,1,1,0,opponent,110,late_clearance,1,0,3,0.0,0,240,110
0.0,,mech,,,3.556666666666666,,,,0,0,24,completed,16,73.44579283436279,67,0,,1,0,blocker_1,67,late_clearance,1,0,3,0.0,0,240,67
0.0,,mech,,,3.556666666666666,,,,0,0,24,completed,16,73.44579283436279,67,0,,1,0,blocker_2,67,late_clearance,1,0,3,0.0,0,240,67
0.88,,tracked,86,"{""checks"": 0, ""clearance_to_movement"": 32, ""clearance_to_search"": 28, ""deferrals"": 0, ""early_starts"": 0, ""first_watched_clearance"": 33, ""timed_starts"": 2}",6.379166666666663,,1,,154,0,64,completed,16,186.95197947448497,175,0,1,5,0,focal,175,late_clearance,1,0,1,0.02500000000000034,0,240,175
0.21927307508369204,,tracked,86,,3.6999999999999975,,1,,28,0,6,completed,0,142.16909459735535,102,0,1,1,0,opponent,102,late_clearance,1,0,1,0.0,0,240,102
0.17777777777777778,,tracked,86,,3.6999999999999975,,1,,16,0,6,completed,0,137.03745243561718,90,0,,1,0,blocker_1,90,late_clearance,1,0,1,0.0,0,240,90
0.17777777777777778,,tracked,86,,3.6999999999999975,,1,,16,0,6,completed,0,137.03745243561718,90,0,,1,0,blocker_2,90,late_clearance,1,0,1,0.0,0,240,90
0.88,,tracked,86,"{""checks"": 0, ""clearance_to_movement"": 32, ""clearance_to_search"": 28, ""deferrals"": 0, ""early_starts"": 0, ""first_watched_clearance"": 33, ""timed_starts"": 2}",6.379166666666663,,1,,154,0,64,completed,16,186.95197947448497,175,0,1,5,0,focal,175,late_clearance,1,0,2,0.02500000000000034,0,240,175
0.21927307508369204,,tracked,86,,3.6999999999999975,,1,,28,0,6,completed,0,142.16909459735535,102,0,1,1,0,opponent,102,late_clearance,1,0,2,0.0,0,240,102
0.17777777777777778,,tracked,86,,3.6999999999999975,,1,,16,0,6,completed,0,137.03745243561718,90,0,,1,0,blocker_1,90,late_clearance,1,0,2,0.0,0,240,90
0.17777777777777778,,tracked,86,,3.6999999999999975,,1,,16,0,6,completed,0,137.03745243561718,90,0,,1,0,blocker_2,90,late_clearance,1,0,2,0.0,0,240,90
0.88,,tracked,86,"{""checks"": 0, ""clearance_to_movement"": 32, ""clearance_to_search"": 28, ""deferrals"": 0, ""early_starts"": 0, ""first_watched_clearance"": 33, ""timed_starts"": 2}",6.379166666666663,,1,,154,0,64,completed,16,186.95197947448497,175,0,1,5,0,focal,175,late_clearance,1,0,3,0.02500000000000034,0,240,175
0.21927307508369204,,tracked,86,,3.6999999999999975,,1,,28,0,6,completed,0,142.16909459735535,102,0,1,1,0,opponent,102,late_clearance,1,0,3,0.0,0,240,102
0.17777777777777778,,tracked,86,,3.6999999999999975,,1,,16,0,6,completed,0,137.03745243561718,90,0,,1,0,blocker_1,90,late_clearance,1,0,3,0.0,0,240,90
0.17777777777777778,,tracked,86,,3.6999999999999975,,1,,16,0,6,completed,0,137.03745243561718,90,0,,1,0,blocker_2,90,late_clearance,1,0,3,0.0,0,240,90
0.88,,wheeled,86,"{""checks"": 0, ""clearance_to_movement"": 32, ""clearance_to_search"": 28, ""deferrals"": 0, ""early_starts"": 0, ""first_watched_clearance"": 33, ""timed_starts"": 2}",6.379166666666663,,1,,154,0,64,completed,16,186.95197947448497,175,0,1,5,0,focal,175,late_clearance,1,0,1,0.02500000000000034,0,240,175
0.21927307508369204,,wheeled,86,,3.6999999999999975,,1,,28,0,6,completed,0,142.16909459735535,102,0,1,1,0,opponent,102,late_clearance,1,0,1,0.0,0,240,102
0.17777777777777778,,wheeled,86,,3.6999999999999975,,1,,16,0,6,completed,0,137.03745243561718,90,0,,1,0,blocker_1,90,late_clearance,1,0,1,0.0,0,240,90
0.17777777777777778,,wheeled,86,,3.6999999999999975,,1,,16,0,6,completed,0,137.03745243561718,90,0,,1,0,blocker_2,90,late_clearance,1,0,1,0.0,0,240,90
0.88,,wheeled,86,"{""checks"": 0, ""clearance_to_movement"": 32, ""clearance_to_search"": 28, ""deferrals"": 0, ""early_starts"": 0, ""first_watched_clearance"": 33, ""timed_starts"": 2}",6.379166666666663,,1,,154,0,64,completed,16,186.95197947448497,175,0,1,5,0,focal,175,late_clearance,1,0,2,0.02500000000000034,0,240,175
0.21927307508369204,,wheeled,86,,3.6999999999999975,,1,,28,0,6,completed,0,142.16909459735535,102,0,1,1,0,opponent,102,late_clearance,1,0,2,0.0,0,240,102
0.17777777777777778,,wheeled,86,,3.6999999999999975,,1,,16,0,6,completed,0,137.03745243561718,90,0,,1,0,blocker_1,90,late_clearance,1,0,2,0.0,0,240,90
0.17777777777777778,,wheeled,86,,3.6999999999999975,,1,,16,0,6,completed,0,137.03745243561718,90,0,,1,0,blocker_2,90,late_clearance,1,0,2,0.0,0,240,90
0.88,,wheeled,86,"{""checks"": 0, ""clearance_to_movement"": 32, ""clearance_to_search"": 28, ""deferrals"": 0, ""early_starts"": 0, ""first_watched_clearance"": 33, ""timed_starts"": 2}",6.379166666666663,,1,,154,0,64,completed,16,186.95197947448497,175,0,1,5,0,focal,175,late_clearance,1,0,3,0.02500000000000034,0,240,175
0.21927307508369204,,wheeled,86,,3.6999999999999975,,1,,28,0,6,completed,0,142.16909459735535,102,0,1,1,0,opponent,102,late_clearance,1,0,3,0.0,0,240,102
0.17777777777777778,,wheeled,86,,3.6999999999999975,,1,,16,0,6,completed,0,137.03745243561718,90,0,,1,0,blocker_1,90,late_clearance,1,0,3,0.0,0,240,90
0.17777777777777778,,wheeled,86,,3.6999999999999975,,1,,16,0,6,completed,0,137.03745243561718,90,0,,1,0,blocker_2,90,late_clearance,1,0,3,0.0,0,240,90
0.88,,hover,86,"{""checks"": 0, ""clearance_to_movement"": 32, ""clearance_to_search"": 28, ""deferrals"": 0, ""early_starts"": 0, ""first_watched_clearance"": 33, ""timed_starts"": 2}",6.379166666666663,,1,,154,0,64,completed,16,186.95197947448497,175,0,1,5,0,focal,175,late_clearance,1,0,1,0.02500000000000034,0,240,175
0.21927307508369204,,hover,86,,3.6999999999999975,,1,,28,0,6,completed,0,142.16909459735535,102,0,1,1,0,opponent,102,late_clearance,1,0,1,0.0,0,240,102
0.17777777777777778,,hover,86,,3.6999999999999975,,1,,16,0,6,completed,0,137.03745243561718,90,0,,1,0,blocker_1,90,late_clearance,1,0,1,0.0,0,240,90
0.17777777777777778,,hover,86,,3.6999999999999975,,1,,16,0,6,completed,0,137.03745243561718,90,0,,1,0,blocker_2,90,late_clearance,1,0,1,0.0,0,240,90
0.88,,hover,86,"{""checks"": 0, ""clearance_to_movement"": 32, ""clearance_to_search"": 28, ""deferrals"": 0, ""early_starts"": 0, ""first_watched_clearance"": 33, ""timed_starts"": 2}",6.379166666666663,,1,,154,0,64,completed,16,186.95197947448497,175,0,1,5,0,focal,175,late_clearance,1,0,2,0.02500000000000034,0,240,175
0.21927307508369204,,hover,86,,3.6999999999999975,,1,,28,0,6,completed,0,142.16909459735535,102,0,1,1,0,opponent,102,late_clearance,1,0,2,0.0,0,240,102
0.17777777777777778,,hover,86,,3.6999999999999975,,1,,16,0,6,completed,0,137.03745243561718,90,0,,1,0,blocker_1,90,late_clearance,1,0,2,0.0,0,240,90
0.17777777777777778,,hover,86,,3.6999999999999975,,1,,16,0,6,completed,0,137.03745243561718,90,0,,1,0,blocker_2,90,late_clearance,1,0,2,0.0,0,240,90
0.88,,hover,86,"{""checks"": 0, ""clearance_to_movement"": 32, ""clearance_to_search"": 28, ""deferrals"": 0, ""early_starts"": 0, ""first_watched_clearance"": 33, ""timed_starts"": 2}",6.379166666666663,,1,,154,0,64,completed,16,186.95197947448497,175,0,1,5,0,focal,175,late_clearance,1,0,3,0.02500000000000034,0,240,175
0.21927307508369204,,hover,86,,3.6999999999999975,,1,,28,0,6,completed,0,142.16909459735535,102,0,1,1,0,opponent,102,late_clearance,1,0,3,0.0,0,240,102
0.17777777777777778,,hover,86,,3.6999999999999975,,1,,16,0,6,completed,0,137.03745243561718,90,0,,1,0,blocker_1,90,late_clearance,1,0,3,0.0,0,240,90
0.17777777777777778,,hover,86,,3.6999999999999975,,1,,16,0,6,completed,0,137.03745243561718,90,0,,1,0,blocker_2,90,late_clearance,1,0,3,0.0,0,240,90
