arc_fraction,blocking_reason,chassis,clearance_tick,congestion,damage,distance,excess_distance,final_range,first_geometry,first_shot,geometric_ticks,longest_contact_gap,longest_no_progress,outcome,overshoots,preferred_band_ticks,range_error_sum,range_samples,reacquisitions,ready_ticks,recovery_ticks,replans,reversals,role,sampled_ticks,scenario,schema,script_rejections,seed,settled_distance,settled_ticks,shots,state,ticks,time_to_engage,visible_ticks
1.0,,"mech",,,73,3.987499999999998,,3.012500000000002,,,240,,,,0,209,,,,27,,1,0,,,"approach",,,1,0.0,194,28,"executing",240,1,240
1.0,,"mech",,,70,3.987499999999998,,3.012500000000002,,,240,,,,0,209,,,,27,,1,0,,,"approach",,,2,0.0,194,28,"executing",240,1,240
1.0,,"mech",,,66,3.987499999999998,,3.012500000000002,,,240,,,,0,209,,,,27,,1,0,,,"approach",,,3,0.0,194,28,"executing",240,1,240
1.0,,"tracked",,,0,4.000000000000009,,2.999999999999991,,,240,,,,0,188,,,,1,,1,0,,,"approach",,,1,0.0,168,1,"executing",240,1,240
1.0,,"tracked",,,0,4.000000000000009,,2.999999999999991,,,240,,,,0,188,,,,1,,1,0,,,"approach",,,2,0.0,168,1,"executing",240,1,240
1.0,,"tracked",,,0,4.000000000000009,,2.999999999999991,,,240,,,,0,188,,,,1,,1,0,,,"approach",,,3,0.0,168,1,"executing",240,1,240
1.0,,"wheeled",,,0,4.000000000000009,,2.999999999999991,,,240,,,,0,188,,,,1,,1,0,,,"approach",,,1,0.0,168,1,"executing",240,1,240
1.0,,"wheeled",,,0,4.000000000000009,,2.999999999999991,,,240,,,,0,188,,,,1,,1,0,,,"approach",,,2,0.0,168,1,"executing",240,1,240
1.0,,"wheeled",,,0,4.000000000000009,,2.999999999999991,,,240,,,,0,188,,,,1,,1,0,,,"approach",,,3,0.0,168,1,"executing",240,1,240
1.0,,"hover",,,0,4.000000000000009,,2.999999999999991,,,240,,,,0,188,,,,1,,1,0,,,"approach",,,1,0.0,168,1,"executing",240,1,240
1.0,,"hover",,,0,4.000000000000009,,2.999999999999991,,,240,,,,0,188,,,,1,,1,0,,,"approach",,,2,0.0,168,1,"executing",240,1,240
1.0,,"hover",,,0,4.000000000000009,,2.999999999999991,,,240,,,,0,188,,,,1,,1,0,,,"approach",,,3,0.0,168,1,"executing",240,1,240
0.9416666666666667,,"mech",,,75,6.9666666666666694,,3.0333333333333306,,,226,,,,0,193,,,,27,,1,0,,,"long_approach",,,1,0.0,178,28,"executing",240,1,240
0.9416666666666667,,"mech",,,82,6.9666666666666694,,3.0333333333333306,,,226,,,,0,193,,,,27,,1,0,,,"long_approach",,,2,0.0,178,28,"executing",240,1,240
0.9416666666666667,,"mech",,,59,6.9666666666666694,,3.0333333333333306,,,226,,,,0,193,,,,27,,1,0,,,"long_approach",,,3,0.0,178,28,"executing",240,1,240
0.9125,,"tracked",,,0,7.000000000000009,,2.999999999999991,,,219,,,,0,152,,,,1,,1,0,,,"long_approach",,,1,0.0,132,1,"executing",240,1,240
0.9125,,"tracked",,,0,7.000000000000009,,2.999999999999991,,,219,,,,0,152,,,,1,,1,0,,,"long_approach",,,2,0.0,132,1,"executing",240,1,240
0.9125,,"tracked",,,0,7.000000000000009,,2.999999999999991,,,219,,,,0,152,,,,1,,1,0,,,"long_approach",,,3,0.0,132,1,"executing",240,1,240
0.9125,,"wheeled",,,0,7.000000000000009,,2.999999999999991,,,219,,,,0,152,,,,1,,1,0,,,"long_approach",,,1,0.0,132,1,"executing",240,1,240
0.9125,,"wheeled",,,0,7.000000000000009,,2.999999999999991,,,219,,,,0,152,,,,1,,1,0,,,"long_approach",,,2,0.0,132,1,"executing",240,1,240
0.9125,,"wheeled",,,0,7.000000000000009,,2.999999999999991,,,219,,,,0,152,,,,1,,1,0,,,"long_approach",,,3,0.0,132,1,"executing",240,1,240
0.9125,,"hover",,,0,7.000000000000009,,2.999999999999991,,,219,,,,0,152,,,,1,,1,0,,,"long_approach",,,1,0.0,132,1,"executing",240,1,240
0.9125,,"hover",,,0,7.000000000000009,,2.999999999999991,,,219,,,,0,152,,,,1,,1,0,,,"long_approach",,,2,0.0,132,1,"executing",240,1,240
0.9125,,"hover",,,0,7.000000000000009,,2.999999999999991,,,219,,,,0,152,,,,1,,1,0,,,"long_approach",,,3,0.0,132,1,"executing",240,1,240
1.0,,"mech",,,101,0.9166666666666674,,1.659348068115484,,,240,,,,0,230,,,,28,,1,0,,,"close",,,1,0.0,215,29,"executing",240,1,240
1.0,,"mech",,,213,0.9166666666666674,,1.659348068115484,,,240,,,,0,230,,,,28,,1,0,,,"close",,,2,0.0,215,29,"executing",240,1,240
1.0,,"mech",,,72,0.9166666666666674,,1.659348068115484,,,240,,,,0,230,,,,28,,1,0,,,"close",,,3,0.0,215,29,"executing",240,1,240
1.0,,"tracked",,,20,0.8888888888888865,,1.635669706057847,,,240,,,,0,222,,,,1,,1,0,,,"close",,,1,0.0,203,1,"executing",240,1,240
1.0,,"tracked",,,0,0.8888888888888865,,1.635669706057847,,,240,,,,0,222,,,,1,,1,0,,,"close",,,2,0.0,203,1,"executing",240,1,240
1.0,,"tracked",,,0,0.8888888888888865,,1.635669706057847,,,240,,,,0,222,,,,1,,1,0,,,"close",,,3,0.0,203,1,"executing",240,1,240
1.0,,"wheeled",,,20,0.8888888888888865,,1.635669706057847,,,240,,,,0,222,,,,1,,1,0,,,"close",,,1,0.0,203,1,"executing",240,1,240
1.0,,"wheeled",,,0,0.8888888888888865,,1.635669706057847,,,240,,,,0,222,,,,1,,1,0,,,"close",,,2,0.0,203,1,"executing",240,1,240
1.0,,"wheeled",,,0,0.8888888888888865,,1.635669706057847,,,240,,,,0,222,,,,1,,1,0,,,"close",,,3,0.0,203,1,"executing",240,1,240
1.0,,"hover",,,20,0.8888888888888865,,1.635669706057847,,,240,,,,0,222,,,,1,,1,0,,,"close",,,1,0.0,203,1,"executing",240,1,240
1.0,,"hover",,,0,0.8888888888888865,,1.635669706057847,,,240,,,,0,222,,,,1,,1,0,,,"close",,,2,0.0,203,1,"executing",240,1,240
1.0,,"hover",,,0,0.8888888888888865,,1.635669706057847,,,240,,,,0,222,,,,1,,1,0,,,"close",,,3,0.0,203,1,"executing",240,1,240
0.9655172413793104,,"mech",,,59,0.0,,3.0,,,112,,,,0,240,,,,14,,0,0,,,"behind",,,1,0.0,231,15,"idle",240,5,116
0.9751552795031055,,"mech",,,174,0.0,,3.0,,,157,,,,0,240,,,,19,,0,0,,,"behind",,,2,0.0,231,20,"idle",240,5,161
0.9833333333333333,,"mech",,,197,0.0,,3.0,,,236,,,,0,240,,,,27,,0,0,,,"behind",,,3,0.0,231,28,"executing",240,5,240
1.0,,"tracked",,,20,0.0,,3.0,,,240,,,,0,240,,,,1,,0,0,,,"behind",,,1,0.0,235,1,"executing",240,1,240
1.0,,"tracked",,,0,0.0,,3.0,,,240,,,,0,240,,,,1,,0,0,,,"behind",,,2,0.0,235,1,"executing",240,1,240
1.0,,"tracked",,,0,0.0,,3.0,,,240,,,,0,240,,,,1,,0,0,,,"behind",,,3,0.0,235,1,"executing",240,1,240
1.0,,"wheeled",,,20,0.0,,3.0,,,240,,,,0,240,,,,1,,0,0,,,"behind",,,1,0.0,235,1,"executing",240,1,240
1.0,,"wheeled",,,0,0.0,,3.0,,,240,,,,0,240,,,,1,,0,0,,,"behind",,,2,0.0,235,1,"executing",240,1,240
1.0,,"wheeled",,,0,0.0,,3.0,,,240,,,,0,240,,,,1,,0,0,,,"behind",,,3,0.0,235,1,"executing",240,1,240
1.0,,"hover",,,20,0.0,,3.0,,,240,,,,0,240,,,,1,,0,0,,,"behind",,,1,0.0,235,1,"executing",240,1,240
1.0,,"hover",,,0,0.0,,3.0,,,240,,,,0,240,,,,1,,0,0,,,"behind",,,2,0.0,235,1,"executing",240,1,240
1.0,,"hover",,,0,0.0,,3.0,,,240,,,,0,240,,,,1,,0,0,,,"behind",,,3,0.0,235,1,"executing",240,1,240
1.0,,"mech",,,175,0.9166666666666661,,3.042522710588115,,,240,,,,0,231,,,,27,,1,0,,,"corner",,,1,0.0,216,28,"executing",240,1,240
1.0,,"mech",,,78,0.9166666666666661,,3.042522710588115,,,240,,,,0,231,,,,27,,1,0,,,"corner",,,2,0.0,216,28,"executing",240,1,240
1.0,,"mech",,,83,0.9166666666666661,,3.042522710588115,,,240,,,,0,231,,,,27,,1,0,,,"corner",,,3,0.0,216,28,"executing",240,1,240
1.0,,"tracked",,,0,1.0,,3.0000000000000004,,,240,,,,0,225,,,,1,,1,0,,,"corner",,,1,0.0,205,1,"executing",240,1,240
1.0,,"tracked",,,0,1.0,,3.0000000000000004,,,240,,,,0,225,,,,1,,1,0,,,"corner",,,2,0.0,205,1,"executing",240,1,240
1.0,,"tracked",,,0,1.0,,3.0000000000000004,,,240,,,,0,225,,,,1,,1,0,,,"corner",,,3,0.0,205,1,"executing",240,1,240
1.0,,"wheeled",,,0,1.0,,3.0000000000000004,,,240,,,,0,225,,,,1,,1,0,,,"corner",,,1,0.0,205,1,"executing",240,1,240
1.0,,"wheeled",,,0,1.0,,3.0000000000000004,,,240,,,,0,225,,,,1,,1,0,,,"corner",,,2,0.0,205,1,"executing",240,1,240
1.0,,"wheeled",,,0,1.0,,3.0000000000000004,,,240,,,,0,225,,,,1,,1,0,,,"corner",,,3,0.0,205,1,"executing",240,1,240
1.0,,"hover",,,0,1.0,,3.0000000000000004,,,240,,,,0,225,,,,1,,1,0,,,"corner",,,1,0.0,205,1,"executing",240,1,240
1.0,,"hover",,,0,1.0,,3.0000000000000004,,,240,,,,0,225,,,,1,,1,0,,,"corner",,,2,0.0,205,1,"executing",240,1,240
1.0,,"hover",,,0,1.0,,3.0000000000000004,,,240,,,,0,225,,,,1,,1,0,,,"corner",,,3,0.0,205,1,"executing",240,1,240
0.9008928571428568,,"mech",,,170,5.276944444444444,,1.0821263526022549,,,240,,,,0,185,,,,27,,1,0,,,"obstacle_pursuit",,,1,0.0,170,28,"executing",240,1,240
0.8748120300751876,,"mech",,,168,5.276944444444444,,1.0821263526022549,,,190,,,,0,185,,,,22,,1,0,,,"obstacle_pursuit",,,2,0.0,170,23,"idle",240,1,190
0.9008928571428568,,"mech",,,80,5.276944444444444,,1.0821263526022549,,,240,,,,0,185,,,,27,,1,0,,,"obstacle_pursuit",,,3,0.0,170,28,"executing",240,1,240
1.0,,"tracked",,,20,5.212499999999999,,1.1549177054127961,,,240,,,,0,136,,,,1,,1,0,,,"obstacle_pursuit",,,1,0.0,117,1,"executing",240,1,240
1.0,,"tracked",,,0,5.212499999999999,,1.1549177054127961,,,240,,,,0,136,,,,1,,1,0,,,"obstacle_pursuit",,,2,0.0,117,1,"executing",240,1,240
1.0,,"tracked",,,0,5.212499999999999,,1.1549177054127961,,,240,,,,0,136,,,,1,,1,0,,,"obstacle_pursuit",,,3,0.0,117,1,"executing",240,1,240
1.0,,"wheeled",,,20,5.212499999999999,,1.1549177054127961,,,240,,,,0,136,,,,1,,1,0,,,"obstacle_pursuit",,,1,0.0,117,1,"executing",240,1,240
1.0,,"wheeled",,,0,5.212499999999999,,1.1549177054127961,,,240,,,,0,136,,,,1,,1,0,,,"obstacle_pursuit",,,2,0.0,117,1,"executing",240,1,240
1.0,,"wheeled",,,0,5.212499999999999,,1.1549177054127961,,,240,,,,0,136,,,,1,,1,0,,,"obstacle_pursuit",,,3,0.0,117,1,"executing",240,1,240
1.0,,"hover",,,20,5.212499999999999,,1.1549177054127961,,,240,,,,0,136,,,,1,,1,0,,,"obstacle_pursuit",,,1,0.0,117,1,"executing",240,1,240
1.0,,"hover",,,0,5.212499999999999,,1.1549177054127961,,,240,,,,0,136,,,,1,,1,0,,,"obstacle_pursuit",,,2,0.0,117,1,"executing",240,1,240
1.0,,"hover",,,0,5.212499999999999,,1.1549177054127961,,,240,,,,0,136,,,,1,,1,0,,,"obstacle_pursuit",,,3,0.0,117,1,"executing",240,1,240
1.0,,"mech",,,24,0.0,,7.0,,,240,,,,0,0,,,,28,,1,0,,,"fallback",,,1,0.0,235,29,"executing",240,1,240
1.0,,"mech",,,26,0.0,,7.0,,,240,,,,0,0,,,,28,,1,0,,,"fallback",,,2,0.0,235,29,"executing",240,1,240
1.0,,"mech",,,3,0.0,,7.0,,,240,,,,0,0,,,,28,,1,0,,,"fallback",,,3,0.0,235,29,"executing",240,1,240
1.0,,"tracked",,,0,0.0,,7.0,,,240,,,,0,0,,,,1,,1,0,,,"fallback",,,1,0.0,235,1,"executing",240,1,240
1.0,,"tracked",,,0,0.0,,7.0,,,240,,,,0,0,,,,1,,1,0,,,"fallback",,,2,0.0,235,1,"executing",240,1,240
1.0,,"tracked",,,0,0.0,,7.0,,,240,,,,0,0,,,,1,,1,0,,,"fallback",,,3,0.0,235,1,"executing",240,1,240
1.0,,"wheeled",,,0,0.0,,7.0,,,240,,,,0,0,,,,1,,1,0,,,"fallback",,,1,0.0,235,1,"executing",240,1,240
1.0,,"wheeled",,,0,0.0,,7.0,,,240,,,,0,0,,,,1,,1,0,,,"fallback",,,2,0.0,235,1,"executing",240,1,240
1.0,,"wheeled",,,0,0.0,,7.0,,,240,,,,0,0,,,,1,,1,0,,,"fallback",,,3,0.0,235,1,"executing",240,1,240
1.0,,"hover",,,0,0.0,,7.0,,,240,,,,0,0,,,,1,,1,0,,,"fallback",,,1,0.0,235,1,"executing",240,1,240
1.0,,"hover",,,0,0.0,,7.0,,,240,,,,0,0,,,,1,,1,0,,,"fallback",,,2,0.0,235,1,"executing",240,1,240
1.0,,"hover",,,0,0.0,,7.0,,,240,,,,0,0,,,,1,,1,0,,,"fallback",,,3,0.0,235,1,"executing",240,1,240
1.0,,"mech",,,66,4.968333333333329,,2.0316666666666707,,,191,,,,0,202,,,,22,,8,0,,,"moving",,,1,0.0,157,23,"idle",240,1,191
1.0,,"mech",,,67,4.986666666666662,,2.013333333333338,,,240,,,,0,202,,,,27,,10,0,,,"moving",,,2,0.0,150,28,"executing",240,1,240
1.0,,"mech",,,178,4.986666666666662,,2.013333333333338,,,239,,,,0,202,,,,27,,10,0,,,"moving",,,3,0.0,150,28,"executing",240,1,239
1.0,,"tracked",,,0,5.025000000000004,,1.974999999999996,,,240,,,,1,181,,,,1,,10,0,,,"moving",,,1,0.0,125,1,"executing",240,1,240
1.0,,"tracked",,,0,5.025000000000004,,1.974999999999996,,,240,,,,1,181,,,,1,,10,0,,,"moving",,,2,0.0,125,1,"executing",240,1,240
1.0,,"tracked",,,0,5.025000000000004,,1.974999999999996,,,240,,,,1,181,,,,1,,10,0,,,"moving",,,3,0.0,125,1,"executing",240,1,240
1.0,,"wheeled",,,0,5.025000000000004,,1.974999999999996,,,240,,,,1,181,,,,1,,10,0,,,"moving",,,1,0.0,125,1,"executing",240,1,240
1.0,,"wheeled",,,0,5.025000000000004,,1.974999999999996,,,240,,,,1,181,,,,1,,10,0,,,"moving",,,2,0.0,125,1,"executing",240,1,240
1.0,,"wheeled",,,0,5.025000000000004,,1.974999999999996,,,240,,,,1,181,,,,1,,10,0,,,"moving",,,3,0.0,125,1,"executing",240,1,240
1.0,,"hover",,,0,5.025000000000004,,1.974999999999996,,,240,,,,1,181,,,,1,,10,0,,,"moving",,,1,0.0,125,1,"executing",240,1,240
1.0,,"hover",,,0,5.025000000000004,,1.974999999999996,,,240,,,,1,181,,,,1,,10,0,,,"moving",,,2,0.0,125,1,"executing",240,1,240
1.0,,"hover",,,0,5.025000000000004,,1.974999999999996,,,240,,,,1,181,,,,1,,10,0,,,"moving",,,3,0.0,125,1,"executing",240,1,240
1.0,,"mech",,,73,8.992500000000001,,1.0074999999999985,,,240,,,,1,55,,,,26,,2,0,,,"attack_move",,,1,0.0,25,27,"idle",240,1,240
1.0,,"mech",,,68,8.992500000000001,,1.0074999999999985,,,240,,,,1,55,,,,26,,2,0,,,"attack_move",,,2,0.0,25,27,"idle",240,1,240
1.0,,"mech",,,67,8.992500000000001,,1.0074999999999985,,,239,,,,1,55,,,,26,,2,0,,,"attack_move",,,3,0.0,25,27,"idle",240,1,239
1.0,,"tracked",,,0,9.0,,1.0000000000000075,,,240,,,,1,56,,,,1,,2,0,,,"attack_move",,,1,0.0,11,1,"idle",240,1,240
1.0,,"tracked",,,0,9.0,,1.0000000000000075,,,240,,,,1,56,,,,1,,2,0,,,"attack_move",,,2,0.0,11,1,"idle",240,1,240
1.0,,"tracked",,,0,9.0,,1.0000000000000075,,,240,,,,1,56,,,,1,,2,0,,,"attack_move",,,3,0.0,11,1,"idle",240,1,240
1.0,,"wheeled",,,0,9.0,,1.0000000000000075,,,240,,,,1,56,,,,1,,2,0,,,"attack_move",,,1,0.0,11,1,"idle",240,1,240
1.0,,"wheeled",,,0,9.0,,1.0000000000000075,,,240,,,,1,56,,,,1,,2,0,,,"attack_move",,,2,0.0,11,1,"idle",240,1,240
1.0,,"wheeled",,,0,9.0,,1.0000000000000075,,,240,,,,1,56,,,,1,,2,0,,,"attack_move",,,3,0.0,11,1,"idle",240,1,240
1.0,,"hover",,,0,9.0,,1.0000000000000075,,,240,,,,1,56,,,,1,,2,0,,,"attack_move",,,1,0.0,11,1,"idle",240,1,240
1.0,,"hover",,,0,9.0,,1.0000000000000075,,,240,,,,1,56,,,,1,,2,0,,,"attack_move",,,2,0.0,11,1,"idle",240,1,240
1.0,,"hover",,,0,9.0,,1.0000000000000075,,,240,,,,1,56,,,,1,,2,0,,,"attack_move",,,3,0.0,11,1,"idle",240,1,240
0.9655172413793104,,"mech",,,59,0.0,,3.0,,,112,,,,0,240,,,,14,,0,0,,,"jammed",,,1,0.0,231,15,"idle",240,5,116
0.9751552795031055,,"mech",,,174,0.0,,3.0,,,157,,,,0,240,,,,19,,0,0,,,"jammed",,,2,0.0,231,20,"idle",240,5,161
0.9833333333333333,,"mech",,,197,0.0,,3.0,,,236,,,,0,240,,,,27,,0,0,,,"jammed",,,3,0.0,231,28,"executing",240,5,240
0.9166666666666666,,"tracked",,,20,0.0,,3.0,,,220,,,,0,240,,,,1,,0,0,,,"jammed",,,1,0.0,215,1,"executing",240,21,240
0.9166666666666666,,"tracked",,,20,0.0,,3.0,,,220,,,,0,240,,,,1,,0,0,,,"jammed",,,2,0.0,215,1,"executing",240,21,240
0.9166666666666666,,"tracked",,,20,0.0,,3.0,,,220,,,,0,240,,,,1,,0,0,,,"jammed",,,3,0.0,215,1,"executing",240,21,240
0.9166666666666666,,"wheeled",,,20,0.0,,3.0,,,220,,,,0,240,,,,1,,0,0,,,"jammed",,,1,0.0,215,1,"executing",240,21,240
0.9166666666666666,,"wheeled",,,20,0.0,,3.0,,,220,,,,0,240,,,,1,,0,0,,,"jammed",,,2,0.0,215,1,"executing",240,21,240
0.9166666666666666,,"wheeled",,,20,0.0,,3.0,,,220,,,,0,240,,,,1,,0,0,,,"jammed",,,3,0.0,215,1,"executing",240,21,240
0.9166666666666666,,"hover",,,20,0.0,,3.0,,,220,,,,0,240,,,,1,,0,0,,,"jammed",,,1,0.0,215,1,"executing",240,21,240
0.9166666666666666,,"hover",,,20,0.0,,3.0,,,220,,,,0,240,,,,1,,0,0,,,"jammed",,,2,0.0,215,1,"executing",240,21,240
0.9166666666666666,,"hover",,,20,0.0,,3.0,,,220,,,,0,240,,,,1,,0,0,,,"jammed",,,3,0.0,215,1,"executing",240,21,240
1.0,,"mech",,,,10.468333333333335,,,1,1,240,0,0,"window_end",,93,192.62668590422822,240,0,,,6,3,"focal",240,"crossing",1,0,1,0.08250000000000011,,27,,240,,240
0.4668699186991866,,"mech",,,,5.6038119612608375,,,1,,137,0,11,"window_end",,93,192.62668590422822,240,0,,,0,0,"opponent",240,"crossing",1,0,1,0.0625000000000011,,0,,240,,240
1.0,,"mech",,,,10.468333333333335,,,1,1,240,0,0,"window_end",,93,192.62668590422822,240,0,,,6,3,"focal",240,"crossing",1,0,2,0.08250000000000011,,27,,240,,240
0.4668699186991866,,"mech",,,,5.6038119612608375,,,1,,137,0,11,"window_end",,93,192.62668590422822,240,0,,,0,0,"opponent",240,"crossing",1,0,2,0.0625000000000011,,0,,240,,240
1.0,,"mech",,,,10.468333333333335,,,1,1,240,0,0,"window_end",,93,192.62668590422822,240,0,,,6,3,"focal",240,"crossing",1,0,3,0.08250000000000011,,27,,240,,240
0.4668699186991866,,"mech",,,,5.6038119612608375,,,1,,137,0,11,"window_end",,93,192.62668590422822,240,0,,,0,0,"opponent",240,"crossing",1,0,3,0.0625000000000011,,0,,240,,240
1.0,,"tracked",,,,6.899999999999985,,,1,1,240,0,0,"window_end",,80,297.5771361730153,240,0,,,3,0,"focal",240,"crossing",1,0,1,0.0,,1,,240,,240
0.4893292682926825,,"tracked",,,,5.6038119612608375,,,1,,144,0,12,"window_end",,80,297.5771361730153,240,0,,,0,0,"opponent",240,"crossing",1,0,1,0.08750000000000042,,0,,240,,240
1.0,,"tracked",,,,6.899999999999985,,,1,1,240,0,0,"window_end",,80,297.5771361730153,240,0,,,3,0,"focal",240,"crossing",1,0,2,0.0,,1,,240,,240
0.4893292682926825,,"tracked",,,,5.6038119612608375,,,1,,144,0,12,"window_end",,80,297.5771361730153,240,0,,,0,0,"opponent",240,"crossing",1,0,2,0.08750000000000042,,0,,240,,240
1.0,,"tracked",,,,6.899999999999985,,,1,1,240,0,0,"window_end",,80,297.5771361730153,240,0,,,3,0,"focal",240,"crossing",1,0,3,0.0,,1,,240,,240
0.4893292682926825,,"tracked",,,,5.6038119612608375,,,1,,144,0,12,"window_end",,80,297.5771361730153,240,0,,,0,0,"opponent",240,"crossing",1,0,3,0.08750000000000042,,0,,240,,240
1.0,,"wheeled",,,,6.899999999999985,,,1,1,240,0,0,"window_end",,80,297.5771361730153,240,0,,,3,0,"focal",240,"crossing",1,0,1,0.0,,1,,240,,240
0.4893292682926825,,"wheeled",,,,5.6038119612608375,,,1,,144,0,12,"window_end",,80,297.5771361730153,240,0,,,0,0,"opponent",240,"crossing",1,0,1,0.08750000000000042,,0,,240,,240
1.0,,"wheeled",,,,6.899999999999985,,,1,1,240,0,0,"window_end",,80,297.5771361730153,240,0,,,3,0,"focal",240,"crossing",1,0,2,0.0,,1,,240,,240
0.4893292682926825,,"wheeled",,,,5.6038119612608375,,,1,,144,0,12,"window_end",,80,297.5771361730153,240,0,,,0,0,"opponent",240,"crossing",1,0,2,0.08750000000000042,,0,,240,,240
1.0,,"wheeled",,,,6.899999999999985,,,1,1,240,0,0,"window_end",,80,297.5771361730153,240,0,,,3,0,"focal",240,"crossing",1,0,3,0.0,,1,,240,,240
0.4893292682926825,,"wheeled",,,,5.6038119612608375,,,1,,144,0,12,"window_end",,80,297.5771361730153,240,0,,,0,0,"opponent",240,"crossing",1,0,3,0.08750000000000042,,0,,240,,240
1.0,,"hover",,,,6.899999999999985,,,1,1,240,0,0,"window_end",,80,297.5771361730153,240,0,,,3,0,"focal",240,"crossing",1,0,1,0.0,,1,,240,,240
0.4893292682926825,,"hover",,,,5.6038119612608375,,,1,,144,0,12,"window_end",,80,297.5771361730153,240,0,,,0,0,"opponent",240,"crossing",1,0,1,0.08750000000000042,,0,,240,,240
1.0,,"hover",,,,6.899999999999985,,,1,1,240,0,0,"window_end",,80,297.5771361730153,240,0,,,3,0,"focal",240,"crossing",1,0,2,0.0,,1,,240,,240
0.4893292682926825,,"hover",,,,5.6038119612608375,,,1,,144,0,12,"window_end",,80,297.5771361730153,240,0,,,0,0,"opponent",240,"crossing",1,0,2,0.08750000000000042,,0,,240,,240
1.0,,"hover",,,,6.899999999999985,,,1,1,240,0,0,"window_end",,80,297.5771361730153,240,0,,,3,0,"focal",240,"crossing",1,0,3,0.0,,1,,240,,240
0.4893292682926825,,"hover",,,,5.6038119612608375,,,1,,144,0,12,"window_end",,80,297.5771361730153,240,0,,,0,0,"opponent",240,"crossing",1,0,3,0.08750000000000042,,0,,240,,240
1.0,,"mech",,,,3.3825,,,1,1,30,0,0,"destroyed",,0,107.81189377171317,30,0,,,2,0,"focal",30,"duel",1,0,1,0.0,,5,,240,,30
0.9065040650406504,,"mech",,,,0.7875000000000006,,,3,1,28,2,2,"completed",,0,107.81189377171317,30,0,,,4,0,"opponent",32,"duel",1,0,1,0.025000000000000397,,2,,240,,30
1.0,,"mech",,,,3.987499999999999,,,1,1,60,0,0,"destroyed",,25,94.02916746414893,60,0,,,3,0,"focal",60,"duel",1,0,2,0.0,,8,,240,,60
1.0,,"mech",,,,2.666666666666669,,,1,1,60,2,2,"completed",,25,94.02916746414893,60,0,,,4,0,"opponent",62,"duel",1,0,2,0.0,,3,,240,,60
1.0,,"mech",,,,3.987499999999999,,,1,1,180,0,0,"destroyed",,0,126.22752490415897,180,0,,,3,0,"focal",180,"duel",1,0,3,0.0,,21,,240,,180
0.9452574525745258,,"mech",,,,1.7916666666666667,,,1,1,179,2,2,"completed",,0,126.22752490415897,180,0,,,4,0,"opponent",182,"duel",1,0,3,0.0,,7,,240,,180
1.0,,"tracked",,,,3.999999999999997,,,1,1,240,0,0,"window_end",,17,152.4674829074447,240,0,,,3,0,"focal",240,"duel",1,0,1,0.0,,1,,240,,240
0.9883130081300813,,"tracked",,,,3.004166666666666,,,3,1,238,0,2,"window_end",,17,152.4674829074447,240,0,,,4,0,"opponent",240,"duel",1,0,1,0.025000000000000397,,8,,240,,240
1.0,,"tracked",,,,3.333333333333329,,,1,1,60,0,0,"destroyed",,17,121.16168213480111,60,0,,,3,0,"focal",60,"duel",1,0,2,0.0,,1,,240,,60
1.0,,"tracked",,,,3.3333333333333286,,,1,1,60,2,2,"completed",,17,121.16168213480111,60,0,,,3,0,"opponent",62,"duel",1,0,2,0.0,,3,,240,,60
1.0,,"tracked",,,,3.999999999999997,,,1,1,90,0,0,"destroyed",,0,142.49357726497445,90,0,,,3,0,"focal",90,"duel",1,0,3,0.0,,1,,240,,90
0.8951219512195122,,"tracked",,,,1.7916666666666605,,,1,1,87,2,3,"completed",,0,142.49357726497445,90,0,,,3,0,"opponent",92,"duel",1,0,3,0.0,,4,,240,,90
1.0,,"wheeled",,,,3.999999999999997,,,1,1,240,0,0,"window_end",,17,152.4674829074447,240,0,,,3,0,"focal",240,"duel",1,0,1,0.0,,1,,240,,240
0.9883130081300813,,"wheeled",,,,3.004166666666666,,,3,1,238,0,2,"window_end",,17,152.4674829074447,240,0,,,4,0,"opponent",240,"duel",1,0,1,0.025000000000000397,,8,,240,,240
1.0,,"wheeled",,,,3.333333333333329,,,1,1,60,0,0,"destroyed",,17,121.16168213480111,60,0,,,3,0,"focal",60,"duel",1,0,2,0.0,,1,,240,,60
1.0,,"wheeled",,,,3.3333333333333286,,,1,1,60,2,2,"completed",,17,121.16168213480111,60,0,,,3,0,"opponent",62,"duel",1,0,2,0.0,,3,,240,,60
1.0,,"wheeled",,,,3.999999999999997,,,1,1,90,0,0,"destroyed",,0,142.49357726497445,90,0,,,3,0,"focal",90,"duel",1,0,3,0.0,,1,,240,,90
0.8951219512195122,,"wheeled",,,,1.7916666666666605,,,1,1,87,2,3,"completed",,0,142.49357726497445,90,0,,,3,0,"opponent",92,"duel",1,0,3,0.0,,4,,240,,90
1.0,,"hover",,,,3.999999999999997,,,1,1,240,0,0,"window_end",,17,152.4674829074447,240,0,,,3,0,"focal",240,"duel",1,0,1,0.0,,1,,240,,240
0.9883130081300813,,"hover",,,,3.004166666666666,,,3,1,238,0,2,"window_end",,17,152.4674829074447,240,0,,,4,0,"opponent",240,"duel",1,0,1,0.025000000000000397,,8,,240,,240
1.0,,"hover",,,,3.333333333333329,,,1,1,60,0,0,"destroyed",,17,121.16168213480111,60,0,,,3,0,"focal",60,"duel",1,0,2,0.0,,1,,240,,60
1.0,,"hover",,,,3.3333333333333286,,,1,1,60,2,2,"completed",,17,121.16168213480111,60,0,,,3,0,"opponent",62,"duel",1,0,2,0.0,,3,,240,,60
1.0,,"hover",,,,3.999999999999997,,,1,1,90,0,0,"destroyed",,0,142.49357726497445,90,0,,,3,0,"focal",90,"duel",1,0,3,0.0,,1,,240,,90
0.8951219512195122,,"hover",,,,1.7916666666666605,,,1,1,87,2,3,"completed",,0,142.49357726497445,90,0,,,3,0,"opponent",92,"duel",1,0,3,0.0,,4,,240,,90
1.0,"ContactLost","mech",,,,2.9333333333333105,,,1,1,83,86,71,"blocked",,0,157.68203416209224,83,2,,,3,0,"focal",240,"occluded",1,0,1,0.0,,5,,240,,83
0.23391125477519845,,"mech",,,,11.287499999999977,,,1,,50,86,18,"window_end",,0,157.68203416209224,83,2,,,0,0,"opponent",240,"occluded",1,0,1,0.025000000000000105,,0,,240,,83
1.0,"ContactLost","mech",,,,2.9333333333333105,,,1,1,83,86,71,"blocked",,0,157.68203416209224,83,2,,,3,0,"focal",240,"occluded",1,0,2,0.0,,5,,240,,83
0.22456870910172524,,"mech",,,,11.287499999999977,,,1,,49,87,18,"window_end",,0,156.41243468990433,82,2,,,0,0,"opponent",240,"occluded",1,0,2,0.025000000000000105,,0,,240,,82
1.0,"ContactLost","mech",,,,2.9333333333333105,,,1,1,83,86,71,"blocked",,0,157.68203416209224,83,2,,,3,0,"focal",240,"occluded",1,0,3,0.0,,5,,240,,83
0.22456870910172524,,"mech",,,,11.287499999999977,,,1,,49,86,18,"window_end",,0,156.43232221403073,82,2,,,0,0,"opponent",240,"occluded",1,0,3,0.025000000000000105,,0,,240,,82
1.0,"ContactLost","tracked",,,,1.3333333333333677,,,1,1,33,207,176,"blocked",,0,108.97616650538505,33,0,,,3,0,"focal",240,"occluded",1,0,1,0.0,,1,,240,,33
0.3658536585365855,,"tracked",,,,11.287499999999977,,,1,,33,207,18,"window_end",,0,108.97616650538505,33,0,,,0,0,"opponent",240,"occluded",1,0,1,0.025000000000000105,,0,,240,,33
1.0,"ContactLost","tracked",,,,1.3333333333333677,,,1,1,33,207,176,"blocked",,0,108.97616650538505,33,0,,,3,0,"focal",240,"occluded",1,0,2,0.0,,1,,240,,33
0.3658536585365855,,"tracked",,,,11.287499999999977,,,1,,33,207,18,"window_end",,0,108.97616650538505,33,0,,,0,0,"opponent",240,"occluded",1,0,2,0.025000000000000105,,0,,240,,33
1.0,"ContactLost","tracked",,,,1.3333333333333677,,,1,1,33,207,176,"blocked",,0,108.97616650538505,33,0,,,3,0,"focal",240,"occluded",1,0,3,0.0,,1,,240,,33
0.3658536585365855,,"tracked",,,,11.287499999999977,,,1,,33,207,18,"window_end",,0,108.97616650538505,33,0,,,0,0,"opponent",240,"occluded",1,0,3,0.025000000000000105,,0,,240,,33
1.0,"ContactLost","wheeled",,,,1.3333333333333677,,,1,1,33,207,176,"blocked",,0,108.97616650538505,33,0,,,3,0,"focal",240,"occluded",1,0,1,0.0,,1,,240,,33
0.3658536585365855,,"wheeled",,,,11.287499999999977,,,1,,33,207,18,"window_end",,0,108.97616650538505,33,0,,,0,0,"opponent",240,"occluded",1,0,1,0.025000000000000105,,0,,240,,33
1.0,"ContactLost","wheeled",,,,1.3333333333333677,,,1,1,33,207,176,"blocked",,0,108.97616650538505,33,0,,,3,0,"focal",240,"occluded",1,0,2,0.0,,1,,240,,33
0.3658536585365855,,"wheeled",,,,11.287499999999977,,,1,,33,207,18,"window_end",,0,108.97616650538505,33,0,,,0,0,"opponent",240,"occluded",1,0,2,0.025000000000000105,,0,,240,,33
1.0,"ContactLost","wheeled",,,,1.3333333333333677,,,1,1,33,207,176,"blocked",,0,108.97616650538505,33,0,,,3,0,"focal",240,"occluded",1,0,3,0.0,,1,,240,,33
0.3658536585365855,,"wheeled",,,,11.287499999999977,,,1,,33,207,18,"window_end",,0,108.97616650538505,33,0,,,0,0,"opponent",240,"occluded",1,0,3,0.025000000000000105,,0,,240,,33
1.0,"ContactLost","hover",,,,1.3333333333333677,,,1,1,33,207,176,"blocked",,0,108.97616650538505,33,0,,,3,0,"focal",240,"occluded",1,0,1,0.0,,1,,240,,33
0.3658536585365855,,"hover",,,,11.287499999999977,,,1,,33,207,18,"window_end",,0,108.97616650538505,33,0,,,0,0,"opponent",240,"occluded",1,0,1,0.025000000000000105,,0,,240,,33
1.0,"ContactLost","hover",,,,1.3333333333333677,,,1,1,33,207,176,"blocked",,0,108.97616650538505,33,0,,,3,0,"focal",240,"occluded",1,0,2,0.0,,1,,240,,33
0.3658536585365855,,"hover",,,,11.287499999999977,,,1,,33,207,18,"window_end",,0,108.97616650538505,33,0,,,0,0,"opponent",240,"occluded",1,0,2,0.025000000000000105,,0,,240,,33
1.0,"ContactLost","hover",,,,1.3333333333333677,,,1,1,33,207,176,"blocked",,0,108.97616650538505,33,0,,,3,0,"focal",240,"occluded",1,0,3,0.0,,1,,240,,33
0.3658536585365855,,"hover",,,,11.287499999999977,,,1,,33,207,18,"window_end",,0,108.97616650538505,33,0,,,0,0,"opponent",240,"occluded",1,0,3,0.025000000000000105,,0,,240,,33
1.0,,"mech",82,{"checks":4,"clearance_to_movement":2,"clearance_to_search":0,"deferrals":0,"early_starts":1,"first_watched_clearance":21,"timed_starts":0},,6.288333333333333,,,1,,90,0,21,"completed",,18,44.79963959292048,90,0,,1,3,0,"focal",90,"bottleneck",1,0,1,0.02749999999999988,,0,,240,,90
0.18939771030363367,,"mech",82,,,3.6999999999999975,,,1,,25,0,6,"completed",,18,52.744199641704476,98,0,,1,1,0,"opponent",98,"bottleneck",1,0,1,0.00416666666666659,,0,,240,,98
0.0,,"mech",,,,3.556666666666666,,,,,0,0,12,"completed",,16,49.44579283436278,55,0,,,1,0,"blocker_1",55,"bottleneck",1,0,1,0.0,,0,,240,,55
0.0,,"mech",,,,3.556666666666666,,,,,0,0,12,"completed",,16,49.44579283436278,55,0,,,1,0,"blocker_2",55,"bottleneck",1,0,1,0.0,,0,,240,,55
1.0,,"mech",82,{"checks":4,"clearance_to_movement":2,"clearance_to_search":0,"deferrals":0,"early_starts":1,"first_watched_clearance":21,"timed_starts":0},,6.288333333333333,,,1,,90,0,21,"completed",,18,44.79963959292048,90,0,,1,3,0,"focal",90,"bottleneck",1,0,2,0.02749999999999988,,0,,240,,90
0.18939771030363367,,"mech",82,,,3.6999999999999975,,,1,,25,0,6,"completed",,18,52.744199641704476,98,0,,1,1,0,"opponent",98,"bottleneck",1,0,2,0.00416666666666659,,0,,240,,98
0.0,,"mech",,,,3.556666666666666,,,,,0,0,12,"completed",,16,49.44579283436278,55,0,,,1,0,"blocker_1",55,"bottleneck",1,0,2,0.0,,0,,240,,55
0.0,,"mech",,,,3.556666666666666,,,,,0,0,12,"completed",,16,49.44579283436278,55,0,,,1,0,"blocker_2",55,"bottleneck",1,0,2,0.0,,0,,240,,55
1.0,,"mech",82,{"checks":4,"clearance_to_movement":2,"clearance_to_search":0,"deferrals":0,"early_starts":1,"first_watched_clearance":21,"timed_starts":0},,6.288333333333333,,,1,,90,0,21,"completed",,18,44.79963959292048,90,0,,1,3,0,"focal",90,"bottleneck",1,0,3,0.02749999999999988,,0,,240,,90
0.18939771030363367,,"mech",82,,,3.6999999999999975,,,1,,25,0,6,"completed",,18,52.744199641704476,98,0,,1,1,0,"opponent",98,"bottleneck",1,0,3,0.00416666666666659,,0,,240,,98
0.0,,"mech",,,,3.556666666666666,,,,,0,0,12,"completed",,16,49.44579283436278,55,0,,,1,0,"blocker_1",55,"bottleneck",1,0,3,0.0,,0,,240,,55
0.0,,"mech",,,,3.556666666666666,,,,,0,0,12,"completed",,16,49.44579283436278,55,0,,,1,0,"blocker_2",55,"bottleneck",1,0,3,0.0,,0,,240,,55
0.8551724137931035,,"tracked",82,{"checks":5,"clearance_to_movement":6,"clearance_to_search":2,"deferrals":0,"early_starts":0,"first_watched_clearance":29,"timed_starts":1},,6.379166666666663,,,1,,124,0,34,"completed",,16,83.04903245178262,145,0,,1,3,0,"focal",145,"bottleneck",1,0,1,0.02500000000000034,,0,,240,,145
0.18740666998506722,,"tracked",82,,,3.6999999999999975,,,1,,24,0,6,"completed",,0,63.27253899977303,98,0,,1,1,0,"opponent",98,"bottleneck",1,0,1,0.0,,0,,240,,98
0.13953488372093023,,"tracked",82,,,3.6999999999999975,,,1,,12,0,6,"completed",,0,129.03745243561718,86,0,,,1,0,"blocker_1",86,"bottleneck",1,0,1,0.0,,0,,240,,86
0.13953488372093023,,"tracked",82,,,3.6999999999999975,,,1,,12,0,6,"completed",,0,129.03745243561718,86,0,,,1,0,"blocker_2",86,"bottleneck",1,0,1,0.0,,0,,240,,86
0.8551724137931035,,"tracked",82,{"checks":5,"clearance_to_movement":6,"clearance_to_search":2,"deferrals":0,"early_starts":0,"first_watched_clearance":29,"timed_starts":1},,6.379166666666663,,,1,,124,0,34,"completed",,16,83.04903245178262,145,0,,1,3,0,"focal",145,"bottleneck",1,0,2,0.02500000000000034,,0,,240,,145
0.18740666998506722,,"tracked",82,,,3.6999999999999975,,,1,,24,0,6,"completed",,0,63.27253899977303,98,0,,1,1,0,"opponent",98,"bottleneck",1,0,2,0.0,,0,,240,,98
0.13953488372093023,,"tracked",82,,,3.6999999999999975,,,1,,12,0,6,"completed",,0,129.03745243561718,86,0,,,1,0,"blocker_1",86,"bottleneck",1,0,2,0.0,,0,,240,,86
0.13953488372093023,,"tracked",82,,,3.6999999999999975,,,1,,12,0,6,"completed",,0,129.03745243561718,86,0,,,1,0,"blocker_2",86,"bottleneck",1,0,2,0.0,,0,,240,,86
0.8551724137931035,,"tracked",82,{"checks":5,"clearance_to_movement":6,"clearance_to_search":2,"deferrals":0,"early_starts":0,"first_watched_clearance":29,"timed_starts":1},,6.379166666666663,,,1,,124,0,34,"completed",,16,83.04903245178262,145,0,,1,3,0,"focal",145,"bottleneck",1,0,3,0.02500000000000034,,0,,240,,145
0.18740666998506722,,"tracked",82,,,3.6999999999999975,,,1,,24,0,6,"completed",,0,63.27253899977303,98,0,,1,1,0,"opponent",98,"bottleneck",1,0,3,0.0,,0,,240,,98
0.13953488372093023,,"tracked",82,,,3.6999999999999975,,,1,,12,0,6,"completed",,0,129.03745243561718,86,0,,,1,0,"blocker_1",86,"bottleneck",1,0,3,0.0,,0,,240,,86
0.13953488372093023,,"tracked",82,,,3.6999999999999975,,,1,,12,0,6,"completed",,0,129.03745243561718,86,0,,,1,0,"blocker_2",86,"bottleneck",1,0,3,0.0,,0,,240,,86
0.8551724137931035,,"wheeled",82,{"checks":5,"clearance_to_movement":6,"clearance_to_search":2,"deferrals":0,"early_starts":0,"first_watched_clearance":29,"timed_starts":1},,6.379166666666663,,,1,,124,0,34,"completed",,16,83.04903245178262,145,0,,1,3,0,"focal",145,"bottleneck",1,0,1,0.02500000000000034,,0,,240,,145
0.18740666998506722,,"wheeled",82,,,3.6999999999999975,,,1,,24,0,6,"completed",,0,63.27253899977303,98,0,,1,1,0,"opponent",98,"bottleneck",1,0,1,0.0,,0,,240,,98
0.13953488372093023,,"wheeled",82,,,3.6999999999999975,,,1,,12,0,6,"completed",,0,129.03745243561718,86,0,,,1,0,"blocker_1",86,"bottleneck",1,0,1,0.0,,0,,240,,86
0.13953488372093023,,"wheeled",82,,,3.6999999999999975,,,1,,12,0,6,"completed",,0,129.03745243561718,86,0,,,1,0,"blocker_2",86,"bottleneck",1,0,1,0.0,,0,,240,,86
0.8551724137931035,,"wheeled",82,{"checks":5,"clearance_to_movement":6,"clearance_to_search":2,"deferrals":0,"early_starts":0,"first_watched_clearance":29,"timed_starts":1},,6.379166666666663,,,1,,124,0,34,"completed",,16,83.04903245178262,145,0,,1,3,0,"focal",145,"bottleneck",1,0,2,0.02500000000000034,,0,,240,,145
0.18740666998506722,,"wheeled",82,,,3.6999999999999975,,,1,,24,0,6,"completed",,0,63.27253899977303,98,0,,1,1,0,"opponent",98,"bottleneck",1,0,2,0.0,,0,,240,,98
0.13953488372093023,,"wheeled",82,,,3.6999999999999975,,,1,,12,0,6,"completed",,0,129.03745243561718,86,0,,,1,0,"blocker_1",86,"bottleneck",1,0,2,0.0,,0,,240,,86
0.13953488372093023,,"wheeled",82,,,3.6999999999999975,,,1,,12,0,6,"completed",,0,129.03745243561718,86,0,,,1,0,"blocker_2",86,"bottleneck",1,0,2,0.0,,0,,240,,86
0.8551724137931035,,"wheeled",82,{"checks":5,"clearance_to_movement":6,"clearance_to_search":2,"deferrals":0,"early_starts":0,"first_watched_clearance":29,"timed_starts":1},,6.379166666666663,,,1,,124,0,34,"completed",,16,83.04903245178262,145,0,,1,3,0,"focal",145,"bottleneck",1,0,3,0.02500000000000034,,0,,240,,145
0.18740666998506722,,"wheeled",82,,,3.6999999999999975,,,1,,24,0,6,"completed",,0,63.27253899977303,98,0,,1,1,0,"opponent",98,"bottleneck",1,0,3,0.0,,0,,240,,98
0.13953488372093023,,"wheeled",82,,,3.6999999999999975,,,1,,12,0,6,"completed",,0,129.03745243561718,86,0,,,1,0,"blocker_1",86,"bottleneck",1,0,3,0.0,,0,,240,,86
0.13953488372093023,,"wheeled",82,,,3.6999999999999975,,,1,,12,0,6,"completed",,0,129.03745243561718,86,0,,,1,0,"blocker_2",86,"bottleneck",1,0,3,0.0,,0,,240,,86
0.8551724137931035,,"hover",82,{"checks":5,"clearance_to_movement":6,"clearance_to_search":2,"deferrals":0,"early_starts":0,"first_watched_clearance":29,"timed_starts":1},,6.379166666666663,,,1,,124,0,34,"completed",,16,83.04903245178262,145,0,,1,3,0,"focal",145,"bottleneck",1,0,1,0.02500000000000034,,0,,240,,145
0.18740666998506722,,"hover",82,,,3.6999999999999975,,,1,,24,0,6,"completed",,0,63.27253899977303,98,0,,1,1,0,"opponent",98,"bottleneck",1,0,1,0.0,,0,,240,,98
0.13953488372093023,,"hover",82,,,3.6999999999999975,,,1,,12,0,6,"completed",,0,129.03745243561718,86,0,,,1,0,"blocker_1",86,"bottleneck",1,0,1,0.0,,0,,240,,86
0.13953488372093023,,"hover",82,,,3.6999999999999975,,,1,,12,0,6,"completed",,0,129.03745243561718,86,0,,,1,0,"blocker_2",86,"bottleneck",1,0,1,0.0,,0,,240,,86
0.8551724137931035,,"hover",82,{"checks":5,"clearance_to_movement":6,"clearance_to_search":2,"deferrals":0,"early_starts":0,"first_watched_clearance":29,"timed_starts":1},,6.379166666666663,,,1,,124,0,34,"completed",,16,83.04903245178262,145,0,,1,3,0,"focal",145,"bottleneck",1,0,2,0.02500000000000034,,0,,240,,145
0.18740666998506722,,"hover",82,,,3.6999999999999975,,,1,,24,0,6,"completed",,0,63.27253899977303,98,0,,1,1,0,"opponent",98,"bottleneck",1,0,2,0.0,,0,,240,,98
0.13953488372093023,,"hover",82,,,3.6999999999999975,,,1,,12,0,6,"completed",,0,129.03745243561718,86,0,,,1,0,"blocker_1",86,"bottleneck",1,0,2,0.0,,0,,240,,86
0.13953488372093023,,"hover",82,,,3.6999999999999975,,,1,,12,0,6,"completed",,0,129.03745243561718,86,0,,,1,0,"blocker_2",86,"bottleneck",1,0,2,0.0,,0,,240,,86
0.8551724137931035,,"hover",82,{"checks":5,"clearance_to_movement":6,"clearance_to_search":2,"deferrals":0,"early_starts":0,"first_watched_clearance":29,"timed_starts":1},,6.379166666666663,,,1,,124,0,34,"completed",,16,83.04903245178262,145,0,,1,3,0,"focal",145,"bottleneck",1,0,3,0.02500000000000034,,0,,240,,145
0.18740666998506722,,"hover",82,,,3.6999999999999975,,,1,,24,0,6,"completed",,0,63.27253899977303,98,0,,1,1,0,"opponent",98,"bottleneck",1,0,3,0.0,,0,,240,,98
0.13953488372093023,,"hover",82,,,3.6999999999999975,,,1,,12,0,6,"completed",,0,129.03745243561718,86,0,,,1,0,"blocker_1",86,"bottleneck",1,0,3,0.0,,0,,240,,86
0.13953488372093023,,"hover",82,,,3.6999999999999975,,,1,,12,0,6,"completed",,0,129.03745243561718,86,0,,,1,0,"blocker_2",86,"bottleneck",1,0,3,0.0,,0,,240,,86
1.0,,"mech",,,,2.6766666666666667,,,1,2,163,2,2,"completed",,135,36.064765474245235,163,0,,,1,0,"focal",165,"pursuers",1,0,1,0.0,,20,,240,,163
0.6871165644171779,,"mech",,,,0.0,,,1,,112,0,51,"destroyed",,135,36.064765474245235,163,0,,,0,0,"opponent",163,"pursuers",1,0,1,0.0,,0,,240,,163
1.0,,"mech",,,,2.6766666666666663,,,1,2,163,2,2,"completed",,0,159.2555899507995,163,0,,,1,0,"pursuer_1",165,"pursuers",1,0,1,0.027499999999999813,,19,,240,,163
1.0,,"mech",,,,2.6766666666666667,,,1,2,163,2,2,"completed",,135,36.064765474245235,163,0,,,1,0,"pursuer_2",165,"pursuers",1,0,1,0.0,,19,,240,,163
1.0,,"mech",,,,2.6766666666666667,,,1,2,240,0,0,"window_end",,212,36.064765474245235,240,0,,,1,0,"focal",240,"pursuers",1,0,2,0.0,,28,,240,,240
0.2125,,"mech",,,,0.0,,,1,,51,0,189,"window_end",,212,36.064765474245235,240,0,,,0,0,"opponent",240,"pursuers",1,0,2,0.0,,0,,240,,240
1.0,,"mech",,,,2.6766666666666663,,,1,2,240,0,0,"window_end",,0,200.67484081406155,240,0,,,1,0,"pursuer_1",240,"pursuers",1,0,2,0.027499999999999813,,28,,240,,240
1.0,,"mech",,,,2.6766666666666667,,,1,2,240,0,0,"window_end",,212,36.064765474245235,240,0,,,1,0,"pursuer_2",240,"pursuers",1,0,2,0.0,,28,,240,,240
1.0,,"mech",,,,2.6766666666666667,,,1,2,240,0,0,"window_end",,212,36.064765474245235,240,0,,,1,0,"focal",240,"pursuers",1,0,3,0.0,,28,,240,,240
0.3829268292682885,,"mech",,,,0.0,,,1,,240,0,0,"window_end",,212,36.064765474245235,240,0,,,0,0,"opponent",240,"pursuers",1,0,3,0.0,,0,,240,,240
1.0,,"mech",,,,2.6766666666666663,,,2,3,239,0,1,"window_end",,0,197.59207828376333,239,0,,,1,0,"pursuer_1",240,"pursuers",1,0,3,0.027499999999999813,,28,,240,,239
1.0,,"mech",,,,2.6766666666666667,,,1,2,240,0,0,"window_end",,212,36.064765474245235,240,0,,,1,0,"pursuer_2",240,"pursuers",1,0,3,0.0,,28,,240,,240
1.0,,"tracked",,,,2.808333333333332,,,1,2,240,0,0,"window_end",,196,57.51276360760984,240,0,,,1,0,"focal",240,"pursuers",1,0,1,0.0,,1,,240,,240
1.0,,"tracked",,,,0.0,,,1,,240,0,0,"window_end",,196,57.51276360760984,240,0,,,0,0,"opponent",240,"pursuers",1,0,1,0.0,,0,,240,,240
1.0,,"tracked",,,,2.808333333333331,,,1,2,240,0,0,"window_end",,0,229.1798008792633,240,0,,,3,0,"pursuer_1",240,"pursuers",1,0,1,0.024999999999999755,,1,,240,,240
1.0,,"tracked",,,,2.808333333333332,,,1,2,240,0,0,"window_end",,196,57.51276360760984,240,0,,,1,0,"pursuer_2",240,"pursuers",1,0,1,0.0,,1,,240,,240
1.0,,"tracked",,,,2.808333333333332,,,1,2,240,0,0,"window_end",,196,57.51276360760984,240,0,,,1,0,"focal",240,"pursuers",1,0,2,0.0,,1,,240,,240
1.0,,"tracked",,,,0.0,,,1,,240,0,0,"window_end",,196,57.51276360760984,240,0,,,0,0,"opponent",240,"pursuers",1,0,2,0.0,,0,,240,,240
1.0,,"tracked",,,,2.808333333333331,,,1,2,240,0,0,"window_end",,0,229.1798008792633,240,0,,,3,0,"pursuer_1",240,"pursuers",1,0,2,0.024999999999999755,,1,,240,,240
1.0,,"tracked",,,,2.808333333333332,,,1,2,240,0,0,"window_end",,196,57.51276360760984,240,0,,,1,0,"pursuer_2",240,"pursuers",1,0,2,0.0,,1,,240,,240
1.0,,"tracked",,,,2.808333333333332,,,1,2,240,0,0,"window_end",,196,57.51276360760984,240,0,,,1,0,"focal",240,"pursuers",1,0,3,0.0,,1,,240,,240
1.0,,"tracked",,,,0.0,,,1,,240,0,0,"window_end",,196,57.51276360760984,240,0,,,0,0,"opponent",240,"pursuers",1,0,3,0.0,,0,,240,,240
1.0,,"tracked",,,,2.808333333333331,,,1,2,240,0,0,"window_end",,0,229.1798008792633,240,0,,,3,0,"pursuer_1",240,"pursuers",1,0,3,0.024999999999999755,,1,,240,,240
1.0,,"tracked",,,,2.808333333333332,,,1,2,240,0,0,"window_end",,196,57.51276360760984,240,0,,,1,0,"pursuer_2",240,"pursuers",1,0,3,0.0,,1,,240,,240
1.0,,"wheeled",,,,2.808333333333332,,,1,2,240,0,0,"window_end",,196,57.51276360760984,240,0,,,1,0,"focal",240,"pursuers",1,0,1,0.0,,1,,240,,240
1.0,,"wheeled",,,,0.0,,,1,,240,0,0,"window_end",,196,57.51276360760984,240,0,,,0,0,"opponent",240,"pursuers",1,0,1,0.0,,0,,240,,240
1.0,,"wheeled",,,,2.808333333333331,,,1,2,240,0,0,"window_end",,0,229.1798008792633,240,0,,,3,0,"pursuer_1",240,"pursuers",1,0,1,0.024999999999999755,,1,,240,,240
1.0,,"wheeled",,,,2.808333333333332,,,1,2,240,0,0,"window_end",,196,57.51276360760984,240,0,,,1,0,"pursuer_2",240,"pursuers",1,0,1,0.0,,1,,240,,240
1.0,,"wheeled",,,,2.808333333333332,,,1,2,240,0,0,"window_end",,196,57.51276360760984,240,0,,,1,0,"focal",240,"pursuers",1,0,2,0.0,,1,,240,,240
1.0,,"wheeled",,,,0.0,,,1,,240,0,0,"window_end",,196,57.51276360760984,240,0,,,0,0,"opponent",240,"pursuers",1,0,2,0.0,,0,,240,,240
1.0,,"wheeled",,,,2.808333333333331,,,1,2,240,0,0,"window_end",,0,229.1798008792633,240,0,,,3,0,"pursuer_1",240,"pursuers",1,0,2,0.024999999999999755,,1,,240,,240
1.0,,"wheeled",,,,2.808333333333332,,,1,2,240,0,0,"window_end",,196,57.51276360760984,240,0,,,1,0,"pursuer_2",240,"pursuers",1,0,2,0.0,,1,,240,,240
1.0,,"wheeled",,,,2.808333333333332,,,1,2,240,0,0,"window_end",,196,57.51276360760984,240,0,,,1,0,"focal",240,"pursuers",1,0,3,0.0,,1,,240,,240
1.0,,"wheeled",,,,0.0,,,1,,240,0,0,"window_end",,196,57.51276360760984,240,0,,,0,0,"opponent",240,"pursuers",1,0,3,0.0,,0,,240,,240
1.0,,"wheeled",,,,2.808333333333331,,,1,2,240,0,0,"window_end",,0,229.1798008792633,240,0,,,3,0,"pursuer_1",240,"pursuers",1,0,3,0.024999999999999755,,1,,240,,240
1.0,,"wheeled",,,,2.808333333333332,,,1,2,240,0,0,"window_end",,196,57.51276360760984,240,0,,,1,0,"pursuer_2",240,"pursuers",1,0,3,0.0,,1,,240,,240
1.0,,"hover",,,,2.808333333333332,,,1,2,240,0,0,"window_end",,196,57.51276360760984,240,0,,,1,0,"focal",240,"pursuers",1,0,1,0.0,,1,,240,,240
1.0,,"hover",,,,0.0,,,1,,240,0,0,"window_end",,196,57.51276360760984,240,0,,,0,0,"opponent",240,"pursuers",1,0,1,0.0,,0,,240,,240
1.0,,"hover",,,,2.808333333333331,,,1,2,240,0,0,"window_end",,0,229.1798008792633,240,0,,,3,0,"pursuer_1",240,"pursuers",1,0,1,0.024999999999999755,,1,,240,,240
1.0,,"hover",,,,2.808333333333332,,,1,2,240,0,0,"window_end",,196,57.51276360760984,240,0,,,1,0,"pursuer_2",240,"pursuers",1,0,1,0.0,,1,,240,,240
1.0,,"hover",,,,2.808333333333332,,,1,2,240,0,0,"window_end",,196,57.51276360760984,240,0,,,1,0,"focal",240,"pursuers",1,0,2,0.0,,1,,240,,240
1.0,,"hover",,,,0.0,,,1,,240,0,0,"window_end",,196,57.51276360760984,240,0,,,0,0,"opponent",240,"pursuers",1,0,2,0.0,,0,,240,,240
1.0,,"hover",,,,2.808333333333331,,,1,2,240,0,0,"window_end",,0,229.1798008792633,240,0,,,3,0,"pursuer_1",240,"pursuers",1,0,2,0.024999999999999755,,1,,240,,240
1.0,,"hover",,,,2.808333333333332,,,1,2,240,0,0,"window_end",,196,57.51276360760984,240,0,,,1,0,"pursuer_2",240,"pursuers",1,0,2,0.0,,1,,240,,240
1.0,,"hover",,,,2.808333333333332,,,1,2,240,0,0,"window_end",,196,57.51276360760984,240,0,,,1,0,"focal",240,"pursuers",1,0,3,0.0,,1,,240,,240
1.0,,"hover",,,,0.0,,,1,,240,0,0,"window_end",,196,57.51276360760984,240,0,,,0,0,"opponent",240,"pursuers",1,0,3,0.0,,0,,240,,240
1.0,,"hover",,,,2.808333333333331,,,1,2,240,0,0,"window_end",,0,229.1798008792633,240,0,,,3,0,"pursuer_1",240,"pursuers",1,0,3,0.024999999999999755,,1,,240,,240
1.0,,"hover",,,,2.808333333333332,,,1,2,240,0,0,"window_end",,196,57.51276360760984,240,0,,,1,0,"pursuer_2",240,"pursuers",1,0,3,0.0,,1,,240,,240
0.5402414486921528,,"mech",,,,6.480833333333328,0.0,,1,,39,0,4,"completed",,12,64.14921889306443,71,0,,,1,0,"focal",71,"passage",1,0,1,0.0,,0,,240,,71
0.3494415317984956,,"mech",,,,5.762499999999996,0.0,,1,,39,0,6,"completed",,12,152.71354800418123,107,0,,,1,0,"opponent",107,"passage",1,0,1,0.0,,0,,240,,107
0.5402414486921528,,"mech",,,,6.480833333333328,0.0,,1,,39,0,4,"completed",,12,64.14921889306443,71,0,,,1,0,"focal",71,"passage",1,0,2,0.0,,0,,240,,71
0.3494415317984956,,"mech",,,,5.762499999999996,0.0,,1,,39,0,6,"completed",,12,152.71354800418123,107,0,,,1,0,"opponent",107,"passage",1,0,2,0.0,,0,,240,,107
0.5402414486921528,,"mech",,,,6.480833333333328,0.0,,1,,39,0,4,"completed",,12,64.14921889306443,71,0,,,1,0,"focal",71,"passage",1,0,3,0.0,,0,,240,,71
0.3494415317984956,,"mech",,,,5.762499999999996,0.0,,1,,39,0,6,"completed",,12,152.71354800418123,107,0,,,1,0,"opponent",107,"passage",1,0,3,0.0,,0,,240,,107
0.2831858407079646,,"tracked",,,,6.5833333333333375,0.0,,1,,32,0,6,"completed",,18,146.40859335994912,113,0,,,1,0,"focal",113,"passage",1,0,1,0.0,,0,,240,,113
0.48,,"tracked",,,,5.70833333333333,0.0,,1,,48,0,6,"completed",,18,107.37645316293252,100,0,,,1,0,"opponent",100,"passage",1,0,1,0.0,,0,,240,,100
0.2831858407079646,,"tracked",,,,6.5833333333333375,0.0,,1,,32,0,6,"completed",,18,146.40859335994912,113,0,,,1,0,"focal",113,"passage",1,0,2,0.0,,0,,240,,113
0.48,,"tracked",,,,5.70833333333333,0.0,,1,,48,0,6,"completed",,18,107.37645316293252,100,0,,,1,0,"opponent",100,"passage",1,0,2,0.0,,0,,240,,100
0.2831858407079646,,"tracked",,,,6.5833333333333375,0.0,,1,,32,0,6,"completed",,18,146.40859335994912,113,0,,,1,0,"focal",113,"passage",1,0,3,0.0,,0,,240,,113
0.48,,"tracked",,,,5.70833333333333,0.0,,1,,48,0,6,"completed",,18,107.37645316293252,100,0,,,1,0,"opponent",100,"passage",1,0,3,0.0,,0,,240,,100
0.2831858407079646,,"wheeled",,,,6.5833333333333375,0.0,,1,,32,0,6,"completed",,18,146.40859335994912,113,0,,,1,0,"focal",113,"passage",1,0,1,0.0,,0,,240,,113
0.48,,"wheeled",,,,5.70833333333333,0.0,,1,,48,0,6,"completed",,18,107.37645316293252,100,0,,,1,0,"opponent",100,"passage",1,0,1,0.0,,0,,240,,100
0.2831858407079646,,"wheeled",,,,6.5833333333333375,0.0,,1,,32,0,6,"completed",,18,146.40859335994912,113,0,,,1,0,"focal",113,"passage",1,0,2,0.0,,0,,240,,113
0.48,,"wheeled",,,,5.70833333333333,0.0,,1,,48,0,6,"completed",,18,107.37645316293252,100,0,,,1,0,"opponent",100,"passage",1,0,2,0.0,,0,,240,,100
0.2831858407079646,,"wheeled",,,,6.5833333333333375,0.0,,1,,32,0,6,"completed",,18,146.40859335994912,113,0,,,1,0,"focal",113,"passage",1,0,3,0.0,,0,,240,,113
0.48,,"wheeled",,,,5.70833333333333,0.0,,1,,48,0,6,"completed",,18,107.37645316293252,100,0,,,1,0,"opponent",100,"passage",1,0,3,0.0,,0,,240,,100
0.2831858407079646,,"hover",,,,6.5833333333333375,0.0,,1,,32,0,6,"completed",,18,146.40859335994912,113,0,,,1,0,"focal",113,"passage",1,0,1,0.0,,0,,240,,113
0.48,,"hover",,,,5.70833333333333,0.0,,1,,48,0,6,"completed",,18,107.37645316293252,100,0,,,1,0,"opponent",100,"passage",1,0,1,0.0,,0,,240,,100
0.2831858407079646,,"hover",,,,6.5833333333333375,0.0,,1,,32,0,6,"completed",,18,146.40859335994912,113,0,,,1,0,"focal",113,"passage",1,0,2,0.0,,0,,240,,113
0.48,,"hover",,,,5.70833333333333,0.0,,1,,48,0,6,"completed",,18,107.37645316293252,100,0,,,1,0,"opponent",100,"passage",1,0,2,0.0,,0,,240,,100
0.2831858407079646,,"hover",,,,6.5833333333333375,0.0,,1,,32,0,6,"completed",,18,146.40859335994912,113,0,,,1,0,"focal",113,"passage",1,0,3,0.0,,0,,240,,113
0.48,,"hover",,,,5.70833333333333,0.0,,1,,48,0,6,"completed",,18,107.37645316293252,100,0,,,1,0,"opponent",100,"passage",1,0,3,0.0,,0,,240,,100
1.0,"Unreachable","mech",,{"checks":15,"clearance_to_movement":null,"clearance_to_search":null,"deferrals":0,"early_starts":0,"first_watched_clearance":null,"timed_starts":3},,0.0,,,1,,240,0,239,"blocked",,0,111.38438763306078,240,0,,,7,0,"focal",240,"no_passing_space",1,0,1,0.0,,0,,240,,240
1.0,,"mech",,,,0.0,,,1,,240,0,0,"window_end",,0,111.38438763306078,240,0,,,0,0,"opponent",240,"no_passing_space",1,0,1,0.0,,0,,240,,240
0.0,,"mech",,,,0.0,,,,,0,0,240,"window_end",,0,480.0,240,0,,,0,0,"blocker_1",240,"no_passing_space",1,0,1,0.0,,0,,240,,240
0.0,,"mech",,,,0.0,,,,,0,0,240,"window_end",,0,480.0,240,0,,,0,0,"blocker_2",240,"no_passing_space",1,0,1,0.0,,0,,240,,240
1.0,"Unreachable","mech",,{"checks":15,"clearance_to_movement":null,"clearance_to_search":null,"deferrals":0,"early_starts":0,"first_watched_clearance":null,"timed_starts":3},,0.0,,,1,,240,0,239,"blocked",,0,111.38438763306078,240,0,,,7,0,"focal",240,"no_passing_space",1,0,2,0.0,,0,,240,,240
1.0,,"mech",,,,0.0,,,1,,240,0,0,"window_end",,0,111.38438763306078,240,0,,,0,0,"opponent",240,"no_passing_space",1,0,2,0.0,,0,,240,,240
0.0,,"mech",,,,0.0,,,,,0,0,240,"window_end",,0,480.0,240,0,,,0,0,"blocker_1",240,"no_passing_space",1,0,2,0.0,,0,,240,,240
0.0,,"mech",,,,0.0,,,,,0,0,240,"window_end",,0,480.0,240,0,,,0,0,"blocker_2",240,"no_passing_space",1,0,2,0.0,,0,,240,,240
1.0,"Unreachable","mech",,{"checks":15,"clearance_to_movement":null,"clearance_to_search":null,"deferrals":0,"early_starts":0,"first_watched_clearance":null,"timed_starts":3},,0.0,,,1,,240,0,239,"blocked",,0,111.38438763306078,240,0,,,7,0,"focal",240,"no_passing_space",1,0,3,0.0,,0,,240,,240
1.0,,"mech",,,,0.0,,,1,,240,0,0,"window_end",,0,111.38438763306078,240,0,,,0,0,"opponent",240,"no_passing_space",1,0,3,0.0,,0,,240,,240
0.0,,"mech",,,,0.0,,,,,0,0,240,"window_end",,0,480.0,240,0,,,0,0,"blocker_1",240,"no_passing_space",1,0,3,0.0,,0,,240,,240
0.0,,"mech",,,,0.0,,,,,0,0,240,"window_end",,0,480.0,240,0,,,0,0,"blocker_2",240,"no_passing_space",1,0,3,0.0,,0,,240,,240
1.0,"Unreachable","tracked",,{"checks":15,"clearance_to_movement":null,"clearance_to_search":null,"deferrals":0,"early_starts":0,"first_watched_clearance":null,"timed_starts":3},,0.0,,,1,,240,0,239,"blocked",,0,111.38438763306078,240,0,,,7,0,"focal",240,"no_passing_space",1,0,1,0.0,,0,,240,,240
1.0,,"tracked",,,,0.0,,,1,,240,0,0,"window_end",,0,111.38438763306078,240,0,,,0,0,"opponent",240,"no_passing_space",1,0,1,0.0,,0,,240,,240
1.0,,"tracked",,,,0.0,,,1,,240,0,0,"window_end",,0,480.0,240,0,,,0,0,"blocker_1",240,"no_passing_space",1,0,1,0.0,,0,,240,,240
1.0,,"tracked",,,,0.0,,,1,,240,0,0,"window_end",,0,480.0,240,0,,,0,0,"blocker_2",240,"no_passing_space",1,0,1,0.0,,0,,240,,240
1.0,"Unreachable","tracked",,{"checks":15,"clearance_to_movement":null,"clearance_to_search":null,"deferrals":0,"early_starts":0,"first_watched_clearance":null,"timed_starts":3},,0.0,,,1,,240,0,239,"blocked",,0,111.38438763306078,240,0,,,7,0,"focal",240,"no_passing_space",1,0,2,0.0,,0,,240,,240
1.0,,"tracked",,,,0.0,,,1,,240,0,0,"window_end",,0,111.38438763306078,240,0,,,0,0,"opponent",240,"no_passing_space",1,0,2,0.0,,0,,240,,240
1.0,,"tracked",,,,0.0,,,1,,240,0,0,"window_end",,0,480.0,240,0,,,0,0,"blocker_1",240,"no_passing_space",1,0,2,0.0,,0,,240,,240
1.0,,"tracked",,,,0.0,,,1,,240,0,0,"window_end",,0,480.0,240,0,,,0,0,"blocker_2",240,"no_passing_space",1,0,2,0.0,,0,,240,,240
1.0,"Unreachable","tracked",,{"checks":15,"clearance_to_movement":null,"clearance_to_search":null,"deferrals":0,"early_starts":0,"first_watched_clearance":null,"timed_starts":3},,0.0,,,1,,240,0,239,"blocked",,0,111.38438763306078,240,0,,,7,0,"focal",240,"no_passing_space",1,0,3,0.0,,0,,240,,240
1.0,,"tracked",,,,0.0,,,1,,240,0,0,"window_end",,0,111.38438763306078,240,0,,,0,0,"opponent",240,"no_passing_space",1,0,3,0.0,,0,,240,,240
1.0,,"tracked",,,,0.0,,,1,,240,0,0,"window_end",,0,480.0,240,0,,,0,0,"blocker_1",240,"no_passing_space",1,0,3,0.0,,0,,240,,240
1.0,,"tracked",,,,0.0,,,1,,240,0,0,"window_end",,0,480.0,240,0,,,0,0,"blocker_2",240,"no_passing_space",1,0,3,0.0,,0,,240,,240
1.0,"Unreachable","wheeled",,{"checks":15,"clearance_to_movement":null,"clearance_to_search":null,"deferrals":0,"early_starts":0,"first_watched_clearance":null,"timed_starts":3},,0.0,,,1,,240,0,239,"blocked",,0,111.38438763306078,240,0,,,7,0,"focal",240,"no_passing_space",1,0,1,0.0,,0,,240,,240
1.0,,"wheeled",,,,0.0,,,1,,240,0,0,"window_end",,0,111.38438763306078,240,0,,,0,0,"opponent",240,"no_passing_space",1,0,1,0.0,,0,,240,,240
1.0,,"wheeled",,,,0.0,,,1,,240,0,0,"window_end",,0,480.0,240,0,,,0,0,"blocker_1",240,"no_passing_space",1,0,1,0.0,,0,,240,,240
1.0,,"wheeled",,,,0.0,,,1,,240,0,0,"window_end",,0,480.0,240,0,,,0,0,"blocker_2",240,"no_passing_space",1,0,1,0.0,,0,,240,,240
1.0,"Unreachable","wheeled",,{"checks":15,"clearance_to_movement":null,"clearance_to_search":null,"deferrals":0,"early_starts":0,"first_watched_clearance":null,"timed_starts":3},,0.0,,,1,,240,0,239,"blocked",,0,111.38438763306078,240,0,,,7,0,"focal",240,"no_passing_space",1,0,2,0.0,,0,,240,,240
1.0,,"wheeled",,,,0.0,,,1,,240,0,0,"window_end",,0,111.38438763306078,240,0,,,0,0,"opponent",240,"no_passing_space",1,0,2,0.0,,0,,240,,240
1.0,,"wheeled",,,,0.0,,,1,,240,0,0,"window_end",,0,480.0,240,0,,,0,0,"blocker_1",240,"no_passing_space",1,0,2,0.0,,0,,240,,240
1.0,,"wheeled",,,,0.0,,,1,,240,0,0,"window_end",,0,480.0,240,0,,,0,0,"blocker_2",240,"no_passing_space",1,0,2,0.0,,0,,240,,240
1.0,"Unreachable","wheeled",,{"checks":15,"clearance_to_movement":null,"clearance_to_search":null,"deferrals":0,"early_starts":0,"first_watched_clearance":null,"timed_starts":3},,0.0,,,1,,240,0,239,"blocked",,0,111.38438763306078,240,0,,,7,0,"focal",240,"no_passing_space",1,0,3,0.0,,0,,240,,240
1.0,,"wheeled",,,,0.0,,,1,,240,0,0,"window_end",,0,111.38438763306078,240,0,,,0,0,"opponent",240,"no_passing_space",1,0,3,0.0,,0,,240,,240
1.0,,"wheeled",,,,0.0,,,1,,240,0,0,"window_end",,0,480.0,240,0,,,0,0,"blocker_1",240,"no_passing_space",1,0,3,0.0,,0,,240,,240
1.0,,"wheeled",,,,0.0,,,1,,240,0,0,"window_end",,0,480.0,240,0,,,0,0,"blocker_2",240,"no_passing_space",1,0,3,0.0,,0,,240,,240
1.0,"Unreachable","hover",,{"checks":15,"clearance_to_movement":null,"clearance_to_search":null,"deferrals":0,"early_starts":0,"first_watched_clearance":null,"timed_starts":3},,0.0,,,1,,240,0,239,"blocked",,0,111.38438763306078,240,0,,,7,0,"focal",240,"no_passing_space",1,0,1,0.0,,0,,240,,240
1.0,,"hover",,,,0.0,,,1,,240,0,0,"window_end",,0,111.38438763306078,240,0,,,0,0,"opponent",240,"no_passing_space",1,0,1,0.0,,0,,240,,240
1.0,,"hover",,,,0.0,,,1,,240,0,0,"window_end",,0,480.0,240,0,,,0,0,"blocker_1",240,"no_passing_space",1,0,1,0.0,,0,,240,,240
1.0,,"hover",,,,0.0,,,1,,240,0,0,"window_end",,0,480.0,240,0,,,0,0,"blocker_2",240,"no_passing_space",1,0,1,0.0,,0,,240,,240
1.0,"Unreachable","hover",,{"checks":15,"clearance_to_movement":null,"clearance_to_search":null,"deferrals":0,"early_starts":0,"first_watched_clearance":null,"timed_starts":3},,0.0,,,1,,240,0,239,"blocked",,0,111.38438763306078,240,0,,,7,0,"focal",240,"no_passing_space",1,0,2,0.0,,0,,240,,240
1.0,,"hover",,,,0.0,,,1,,240,0,0,"window_end",,0,111.38438763306078,240,0,,,0,0,"opponent",240,"no_passing_space",1,0,2,0.0,,0,,240,,240
1.0,,"hover",,,,0.0,,,1,,240,0,0,"window_end",,0,480.0,240,0,,,0,0,"blocker_1",240,"no_passing_space",1,0,2,0.0,,0,,240,,240
1.0,,"hover",,,,0.0,,,1,,240,0,0,"window_end",,0,480.0,240,0,,,0,0,"blocker_2",240,"no_passing_space",1,0,2,0.0,,0,,240,,240
1.0,"Unreachable","hover",,{"checks":15,"clearance_to_movement":null,"clearance_to_search":null,"deferrals":0,"early_starts":0,"first_watched_clearance":null,"timed_starts":3},,0.0,,,1,,240,0,239,"blocked",,0,111.38438763306078,240,0,,,7,0,"focal",240,"no_passing_space",1,0,3,0.0,,0,,240,,240
1.0,,"hover",,,,0.0,,,1,,240,0,0,"window_end",,0,111.38438763306078,240,0,,,0,0,"opponent",240,"no_passing_space",1,0,3,0.0,,0,,240,,240
1.0,,"hover",,,,0.0,,,1,,240,0,0,"window_end",,0,480.0,240,0,,,0,0,"blocker_1",240,"no_passing_space",1,0,3,0.0,,0,,240,,240
1.0,,"hover",,,,0.0,,,1,,240,0,0,"window_end",,0,480.0,240,0,,,0,0,"blocker_2",240,"no_passing_space",1,0,3,0.0,,0,,240,,240
1.0,,"mech",,,,5.87666666666667,,,1,1,240,0,0,"window_end",,0,141.1275083385977,240,0,,,2,0,"focal",240,"mobility_damage",1,0,1,0.0,,28,,240,,240
1.0,,"mech",,,,0.0,,,1,,240,0,0,"window_end",,0,141.1275083385977,240,0,,,0,0,"opponent",240,"mobility_damage",1,0,1,0.0,,0,,240,,240
1.0,,"mech",,,,5.87666666666667,,,1,1,240,0,0,"window_end",,0,141.1275083385977,240,0,,,2,0,"focal",240,"mobility_damage",1,0,2,0.0,,28,,240,,240
1.0,,"mech",,,,0.0,,,1,,240,0,0,"window_end",,0,141.1275083385977,240,0,,,0,0,"opponent",240,"mobility_damage",1,0,2,0.0,,0,,240,,240
1.0,,"mech",,,,5.87666666666667,,,1,1,240,0,0,"window_end",,0,141.1275083385977,240,0,,,2,0,"focal",240,"mobility_damage",1,0,3,0.0,,28,,240,,240
1.0,,"mech",,,,0.0,,,1,,240,0,0,"window_end",,0,141.1275083385977,240,0,,,0,0,"opponent",240,"mobility_damage",1,0,3,0.0,,0,,240,,240
1.0,,"tracked",,,,5.891666666666658,,,1,1,240,0,0,"window_end",,0,259.9471679278399,240,0,,,2,0,"focal",240,"mobility_damage",1,0,1,0.0,,1,,240,,240
1.0,,"tracked",,,,0.0,,,1,,240,0,0,"window_end",,0,259.9471679278399,240,0,,,0,0,"opponent",240,"mobility_damage",1,0,1,0.0,,0,,240,,240
1.0,,"tracked",,,,5.891666666666658,,,1,1,240,0,0,"window_end",,0,259.9471679278399,240,0,,,2,0,"focal",240,"mobility_damage",1,0,2,0.0,,1,,240,,240
1.0,,"tracked",,,,0.0,,,1,,240,0,0,"window_end",,0,259.9471679278399,240,0,,,0,0,"opponent",240,"mobility_damage",1,0,2,0.0,,0,,240,,240
1.0,,"tracked",,,,5.891666666666658,,,1,1,240,0,0,"window_end",,0,259.9471679278399,240,0,,,2,0,"focal",240,"mobility_damage",1,0,3,0.0,,1,,240,,240
1.0,,"tracked",,,,0.0,,,1,,240,0,0,"window_end",,0,259.9471679278399,240,0,,,0,0,"opponent",240,"mobility_damage",1,0,3,0.0,,0,,240,,240
1.0,,"wheeled",,,,5.891666666666658,,,1,1,240,0,0,"window_end",,0,259.9471679278399,240,0,,,2,0,"focal",240,"mobility_damage",1,0,1,0.0,,1,,240,,240
1.0,,"wheeled",,,,0.0,,,1,,240,0,0,"window_end",,0,259.9471679278399,240,0,,,0,0,"opponent",240,"mobility_damage",1,0,1,0.0,,0,,240,,240
1.0,,"wheeled",,,,5.891666666666658,,,1,1,240,0,0,"window_end",,0,259.9471679278399,240,0,,,2,0,"focal",240,"mobility_damage",1,0,2,0.0,,1,,240,,240
1.0,,"wheeled",,,,0.0,,,1,,240,0,0,"window_end",,0,259.9471679278399,240,0,,,0,0,"opponent",240,"mobility_damage",1,0,2,0.0,,0,,240,,240
1.0,,"wheeled",,,,5.891666666666658,,,1,1,240,0,0,"window_end",,0,259.9471679278399,240,0,,,2,0,"focal",240,"mobility_damage",1,0,3,0.0,,1,,240,,240
1.0,,"wheeled",,,,0.0,,,1,,240,0,0,"window_end",,0,259.9471679278399,240,0,,,0,0,"opponent",240,"mobility_damage",1,0,3,0.0,,0,,240,,240
1.0,,"hover",,,,5.891666666666658,,,1,1,240,0,0,"window_end",,0,259.9471679278399,240,0,,,2,0,"focal",240,"mobility_damage",1,0,1,0.0,,1,,240,,240
1.0,,"hover",,,,0.0,,,1,,240,0,0,"window_end",,0,259.9471679278399,240,0,,,0,0,"opponent",240,"mobility_damage",1,0,1,0.0,,0,,240,,240
1.0,,"hover",,,,5.891666666666658,,,1,1,240,0,0,"window_end",,0,259.9471679278399,240,0,,,2,0,"focal",240,"mobility_damage",1,0,2,0.0,,1,,240,,240
1.0,,"hover",,,,0.0,,,1,,240,0,0,"window_end",,0,259.9471679278399,240,0,,,0,0,"opponent",240,"mobility_damage",1,0,2,0.0,,0,,240,,240
1.0,,"hover",,,,5.891666666666658,,,1,1,240,0,0,"window_end",,0,259.9471679278399,240,0,,,2,0,"focal",240,"mobility_damage",1,0,3,0.0,,1,,240,,240
1.0,,"hover",,,,0.0,,,1,,240,0,0,"window_end",,0,259.9471679278399,240,0,,,0,0,"opponent",240,"mobility_damage",1,0,3,0.0,,0,,240,,240
0.8214285714285748,,"mech",,,,5.8391666666666655,,,1,1,240,0,0,"window_end",,0,145.45059235327807,240,0,,,1,0,"focal",240,"mixed_arcs",1,0,1,0.0,,28,,240,,240
1.0,,"mech",,,,0.0,,,1,,240,0,0,"window_end",,0,145.45059235327807,240,0,,,0,0,"opponent",240,"mixed_arcs",1,0,1,0.0,,0,,240,,240
0.8214285714285748,,"mech",,,,5.8391666666666655,,,1,1,240,0,0,"window_end",,0,145.45059235327807,240,0,,,1,0,"focal",240,"mixed_arcs",1,0,2,0.0,,28,,240,,240
1.0,,"mech",,,,0.0,,,1,,240,0,0,"window_end",,0,145.45059235327807,240,0,,,0,0,"opponent",240,"mixed_arcs",1,0,2,0.0,,0,,240,,240
0.8214285714285748,,"mech",,,,5.8391666666666655,,,1,1,240,0,0,"window_end",,0,145.45059235327807,240,0,,,1,0,"focal",240,"mixed_arcs",1,0,3,0.0,,28,,240,,240
0.7384146341463392,,"mech",,,,0.0,,,1,,240,0,0,"window_end",,0,145.45059235327807,240,0,,,0,0,"opponent",240,"mixed_arcs",1,0,3,0.0,,0,,240,,240
1.0,,"tracked",,,,5.899999999999994,,,1,1,240,0,0,"window_end",,0,233.2652535523951,240,0,,,1,0,"focal",240,"mixed_arcs",1,0,1,0.0,,1,,240,,240
1.0,,"tracked",,,,0.0,,,1,,240,0,0,"window_end",,0,233.2652535523951,240,0,,,0,0,"opponent",240,"mixed_arcs",1,0,1,0.0,,0,,240,,240
1.0,,"tracked",,,,5.899999999999994,,,1,1,240,0,0,"window_end",,0,233.2652535523951,240,0,,,1,0,"focal",240,"mixed_arcs",1,0,2,0.0,,1,,240,,240
1.0,,"tracked",,,,0.0,,,1,,240,0,0,"window_end",,0,233.2652535523951,240,0,,,0,0,"opponent",240,"mixed_arcs",1,0,2,0.0,,0,,240,,240
1.0,,"tracked",,,,5.899999999999994,,,1,1,240,0,0,"window_end",,0,233.2652535523951,240,0,,,1,0,"focal",240,"mixed_arcs",1,0,3,0.0,,1,,240,,240
1.0,,"tracked",,,,0.0,,,1,,240,0,0,"window_end",,0,233.2652535523951,240,0,,,0,0,"opponent",240,"mixed_arcs",1,0,3,0.0,,0,,240,,240
1.0,,"wheeled",,,,5.899999999999994,,,1,1,240,0,0,"window_end",,0,233.2652535523951,240,0,,,1,0,"focal",240,"mixed_arcs",1,0,1,0.0,,1,,240,,240
1.0,,"wheeled",,,,0.0,,,1,,240,0,0,"window_end",,0,233.2652535523951,240,0,,,0,0,"opponent",240,"mixed_arcs",1,0,1,0.0,,0,,240,,240
1.0,,"wheeled",,,,5.899999999999994,,,1,1,240,0,0,"window_end",,0,233.2652535523951,240,0,,,1,0,"focal",240,"mixed_arcs",1,0,2,0.0,,1,,240,,240
1.0,,"wheeled",,,,0.0,,,1,,240,0,0,"window_end",,0,233.2652535523951,240,0,,,0,0,"opponent",240,"mixed_arcs",1,0,2,0.0,,0,,240,,240
1.0,,"wheeled",,,,5.899999999999994,,,1,1,240,0,0,"window_end",,0,233.2652535523951,240,0,,,1,0,"focal",240,"mixed_arcs",1,0,3,0.0,,1,,240,,240
1.0,,"wheeled",,,,0.0,,,1,,240,0,0,"window_end",,0,233.2652535523951,240,0,,,0,0,"opponent",240,"mixed_arcs",1,0,3,0.0,,0,,240,,240
1.0,,"hover",,,,5.899999999999994,,,1,1,240,0,0,"window_end",,0,233.2652535523951,240,0,,,1,0,"focal",240,"mixed_arcs",1,0,1,0.0,,1,,240,,240
1.0,,"hover",,,,0.0,,,1,,240,0,0,"window_end",,0,233.2652535523951,240,0,,,0,0,"opponent",240,"mixed_arcs",1,0,1,0.0,,0,,240,,240
1.0,,"hover",,,,5.899999999999994,,,1,1,240,0,0,"window_end",,0,233.2652535523951,240,0,,,1,0,"focal",240,"mixed_arcs",1,0,2,0.0,,1,,240,,240
1.0,,"hover",,,,0.0,,,1,,240,0,0,"window_end",,0,233.2652535523951,240,0,,,0,0,"opponent",240,"mixed_arcs",1,0,2,0.0,,0,,240,,240
1.0,,"hover",,,,5.899999999999994,,,1,1,240,0,0,"window_end",,0,233.2652535523951,240,0,,,1,0,"focal",240,"mixed_arcs",1,0,3,0.0,,1,,240,,240
1.0,,"hover",,,,0.0,,,1,,240,0,0,"window_end",,0,233.2652535523951,240,0,,,0,0,"opponent",240,"mixed_arcs",1,0,3,0.0,,0,,240,,240
