arc_fraction,chassis,damage,distance,final_range,geometric_ticks,overshoots,preferred_band_ticks,ready_ticks,replans,reversals,scenario,seed,settled_distance,settled_ticks,shots,state,ticks,time_to_engage,visible_ticks
1.0,"mech",73,3.987499999999998,3.012500000000002,240,0,209,27,1,0,"approach",1,0.0,194,28,"executing",240,1,240
1.0,"mech",70,3.987499999999998,3.012500000000002,240,0,209,27,1,0,"approach",2,0.0,194,28,"executing",240,1,240
1.0,"mech",66,3.987499999999998,3.012500000000002,240,0,209,27,1,0,"approach",3,0.0,194,28,"executing",240,1,240
1.0,"tracked",0,4.000000000000009,2.999999999999991,240,0,188,1,1,0,"approach",1,0.0,168,1,"executing",240,1,240
1.0,"tracked",0,4.000000000000009,2.999999999999991,240,0,188,1,1,0,"approach",2,0.0,168,1,"executing",240,1,240
1.0,"tracked",0,4.000000000000009,2.999999999999991,240,0,188,1,1,0,"approach",3,0.0,168,1,"executing",240,1,240
1.0,"wheeled",0,4.000000000000009,2.999999999999991,240,0,188,1,1,0,"approach",1,0.0,168,1,"executing",240,1,240
1.0,"wheeled",0,4.000000000000009,2.999999999999991,240,0,188,1,1,0,"approach",2,0.0,168,1,"executing",240,1,240
1.0,"wheeled",0,4.000000000000009,2.999999999999991,240,0,188,1,1,0,"approach",3,0.0,168,1,"executing",240,1,240
1.0,"hover",0,4.000000000000009,2.999999999999991,240,0,188,1,1,0,"approach",1,0.0,168,1,"executing",240,1,240
1.0,"hover",0,4.000000000000009,2.999999999999991,240,0,188,1,1,0,"approach",2,0.0,168,1,"executing",240,1,240
1.0,"hover",0,4.000000000000009,2.999999999999991,240,0,188,1,1,0,"approach",3,0.0,168,1,"executing",240,1,240
0.9416666666666667,"mech",75,6.9666666666666694,3.0333333333333306,226,0,193,27,1,0,"long_approach",1,0.0,178,28,"executing",240,1,240
0.9416666666666667,"mech",82,6.9666666666666694,3.0333333333333306,226,0,193,27,1,0,"long_approach",2,0.0,178,28,"executing",240,1,240
0.9416666666666667,"mech",59,6.9666666666666694,3.0333333333333306,226,0,193,27,1,0,"long_approach",3,0.0,178,28,"executing",240,1,240
0.9125,"tracked",0,7.000000000000009,2.999999999999991,219,0,152,1,1,0,"long_approach",1,0.0,132,1,"executing",240,1,240
0.9125,"tracked",0,7.000000000000009,2.999999999999991,219,0,152,1,1,0,"long_approach",2,0.0,132,1,"executing",240,1,240
0.9125,"tracked",0,7.000000000000009,2.999999999999991,219,0,152,1,1,0,"long_approach",3,0.0,132,1,"executing",240,1,240
0.9125,"wheeled",0,7.000000000000009,2.999999999999991,219,0,152,1,1,0,"long_approach",1,0.0,132,1,"executing",240,1,240
0.9125,"wheeled",0,7.000000000000009,2.999999999999991,219,0,152,1,1,0,"long_approach",2,0.0,132,1,"executing",240,1,240
0.9125,"wheeled",0,7.000000000000009,2.999999999999991,219,0,152,1,1,0,"long_approach",3,0.0,132,1,"executing",240,1,240
0.9125,"hover",0,7.000000000000009,2.999999999999991,219,0,152,1,1,0,"long_approach",1,0.0,132,1,"executing",240,1,240
0.9125,"hover",0,7.000000000000009,2.999999999999991,219,0,152,1,1,0,"long_approach",2,0.0,132,1,"executing",240,1,240
0.9125,"hover",0,7.000000000000009,2.999999999999991,219,0,152,1,1,0,"long_approach",3,0.0,132,1,"executing",240,1,240
1.0,"mech",101,0.9166666666666674,1.659348068115484,240,0,230,28,1,0,"close",1,0.0,215,29,"executing",240,1,240
1.0,"mech",213,0.9166666666666674,1.659348068115484,240,0,230,28,1,0,"close",2,0.0,215,29,"executing",240,1,240
1.0,"mech",72,0.9166666666666674,1.659348068115484,240,0,230,28,1,0,"close",3,0.0,215,29,"executing",240,1,240
1.0,"tracked",20,0.8888888888888865,1.635669706057847,240,0,222,1,1,0,"close",1,0.0,203,1,"executing",240,1,240
1.0,"tracked",0,0.8888888888888865,1.635669706057847,240,0,222,1,1,0,"close",2,0.0,203,1,"executing",240,1,240
1.0,"tracked",0,0.8888888888888865,1.635669706057847,240,0,222,1,1,0,"close",3,0.0,203,1,"executing",240,1,240
1.0,"wheeled",20,0.8888888888888865,1.635669706057847,240,0,222,1,1,0,"close",1,0.0,203,1,"executing",240,1,240
1.0,"wheeled",0,0.8888888888888865,1.635669706057847,240,0,222,1,1,0,"close",2,0.0,203,1,"executing",240,1,240
1.0,"wheeled",0,0.8888888888888865,1.635669706057847,240,0,222,1,1,0,"close",3,0.0,203,1,"executing",240,1,240
1.0,"hover",20,0.8888888888888865,1.635669706057847,240,0,222,1,1,0,"close",1,0.0,203,1,"executing",240,1,240
1.0,"hover",0,0.8888888888888865,1.635669706057847,240,0,222,1,1,0,"close",2,0.0,203,1,"executing",240,1,240
1.0,"hover",0,0.8888888888888865,1.635669706057847,240,0,222,1,1,0,"close",3,0.0,203,1,"executing",240,1,240
0.9655172413793104,"mech",59,0.0,3.0,112,0,240,14,0,0,"behind",1,0.0,231,15,"idle",240,5,116
0.9751552795031055,"mech",174,0.0,3.0,157,0,240,19,0,0,"behind",2,0.0,231,20,"idle",240,5,161
0.9833333333333333,"mech",197,0.0,3.0,236,0,240,27,0,0,"behind",3,0.0,231,28,"executing",240,5,240
1.0,"tracked",20,0.0,3.0,240,0,240,1,0,0,"behind",1,0.0,235,1,"executing",240,1,240
1.0,"tracked",0,0.0,3.0,240,0,240,1,0,0,"behind",2,0.0,235,1,"executing",240,1,240
1.0,"tracked",0,0.0,3.0,240,0,240,1,0,0,"behind",3,0.0,235,1,"executing",240,1,240
1.0,"wheeled",20,0.0,3.0,240,0,240,1,0,0,"behind",1,0.0,235,1,"executing",240,1,240
1.0,"wheeled",0,0.0,3.0,240,0,240,1,0,0,"behind",2,0.0,235,1,"executing",240,1,240
1.0,"wheeled",0,0.0,3.0,240,0,240,1,0,0,"behind",3,0.0,235,1,"executing",240,1,240
1.0,"hover",20,0.0,3.0,240,0,240,1,0,0,"behind",1,0.0,235,1,"executing",240,1,240
1.0,"hover",0,0.0,3.0,240,0,240,1,0,0,"behind",2,0.0,235,1,"executing",240,1,240
1.0,"hover",0,0.0,3.0,240,0,240,1,0,0,"behind",3,0.0,235,1,"executing",240,1,240
1.0,"mech",175,0.9166666666666661,3.042522710588115,240,0,231,27,1,0,"corner",1,0.0,216,28,"executing",240,1,240
1.0,"mech",78,0.9166666666666661,3.042522710588115,240,0,231,27,1,0,"corner",2,0.0,216,28,"executing",240,1,240
1.0,"mech",83,0.9166666666666661,3.042522710588115,240,0,231,27,1,0,"corner",3,0.0,216,28,"executing",240,1,240
1.0,"tracked",0,1.0,3.0000000000000004,240,0,225,1,1,0,"corner",1,0.0,205,1,"executing",240,1,240
1.0,"tracked",0,1.0,3.0000000000000004,240,0,225,1,1,0,"corner",2,0.0,205,1,"executing",240,1,240
1.0,"tracked",0,1.0,3.0000000000000004,240,0,225,1,1,0,"corner",3,0.0,205,1,"executing",240,1,240
1.0,"wheeled",0,1.0,3.0000000000000004,240,0,225,1,1,0,"corner",1,0.0,205,1,"executing",240,1,240
1.0,"wheeled",0,1.0,3.0000000000000004,240,0,225,1,1,0,"corner",2,0.0,205,1,"executing",240,1,240
1.0,"wheeled",0,1.0,3.0000000000000004,240,0,225,1,1,0,"corner",3,0.0,205,1,"executing",240,1,240
1.0,"hover",0,1.0,3.0000000000000004,240,0,225,1,1,0,"corner",1,0.0,205,1,"executing",240,1,240
1.0,"hover",0,1.0,3.0000000000000004,240,0,225,1,1,0,"corner",2,0.0,205,1,"executing",240,1,240
1.0,"hover",0,1.0,3.0000000000000004,240,0,225,1,1,0,"corner",3,0.0,205,1,"executing",240,1,240
0.9008928571428568,"mech",170,5.276944444444444,1.0821263526022549,240,0,185,27,1,0,"obstacle_pursuit",1,0.0,170,28,"executing",240,1,240
0.8748120300751876,"mech",168,5.276944444444444,1.0821263526022549,190,0,185,22,1,0,"obstacle_pursuit",2,0.0,170,23,"idle",240,1,190
0.9008928571428568,"mech",80,5.276944444444444,1.0821263526022549,240,0,185,27,1,0,"obstacle_pursuit",3,0.0,170,28,"executing",240,1,240
1.0,"tracked",20,5.212499999999999,1.1549177054127961,240,0,136,1,1,0,"obstacle_pursuit",1,0.0,117,1,"executing",240,1,240
1.0,"tracked",0,5.212499999999999,1.1549177054127961,240,0,136,1,1,0,"obstacle_pursuit",2,0.0,117,1,"executing",240,1,240
1.0,"tracked",0,5.212499999999999,1.1549177054127961,240,0,136,1,1,0,"obstacle_pursuit",3,0.0,117,1,"executing",240,1,240
1.0,"wheeled",20,5.212499999999999,1.1549177054127961,240,0,136,1,1,0,"obstacle_pursuit",1,0.0,117,1,"executing",240,1,240
1.0,"wheeled",0,5.212499999999999,1.1549177054127961,240,0,136,1,1,0,"obstacle_pursuit",2,0.0,117,1,"executing",240,1,240
1.0,"wheeled",0,5.212499999999999,1.1549177054127961,240,0,136,1,1,0,"obstacle_pursuit",3,0.0,117,1,"executing",240,1,240
1.0,"hover",20,5.212499999999999,1.1549177054127961,240,0,136,1,1,0,"obstacle_pursuit",1,0.0,117,1,"executing",240,1,240
1.0,"hover",0,5.212499999999999,1.1549177054127961,240,0,136,1,1,0,"obstacle_pursuit",2,0.0,117,1,"executing",240,1,240
1.0,"hover",0,5.212499999999999,1.1549177054127961,240,0,136,1,1,0,"obstacle_pursuit",3,0.0,117,1,"executing",240,1,240
1.0,"mech",24,0.0,7.0,240,0,0,28,1,0,"fallback",1,0.0,235,29,"executing",240,1,240
1.0,"mech",26,0.0,7.0,240,0,0,28,1,0,"fallback",2,0.0,235,29,"executing",240,1,240
1.0,"mech",3,0.0,7.0,240,0,0,28,1,0,"fallback",3,0.0,235,29,"executing",240,1,240
1.0,"tracked",0,0.0,7.0,240,0,0,1,1,0,"fallback",1,0.0,235,1,"executing",240,1,240
1.0,"tracked",0,0.0,7.0,240,0,0,1,1,0,"fallback",2,0.0,235,1,"executing",240,1,240
1.0,"tracked",0,0.0,7.0,240,0,0,1,1,0,"fallback",3,0.0,235,1,"executing",240,1,240
1.0,"wheeled",0,0.0,7.0,240,0,0,1,1,0,"fallback",1,0.0,235,1,"executing",240,1,240
1.0,"wheeled",0,0.0,7.0,240,0,0,1,1,0,"fallback",2,0.0,235,1,"executing",240,1,240
1.0,"wheeled",0,0.0,7.0,240,0,0,1,1,0,"fallback",3,0.0,235,1,"executing",240,1,240
1.0,"hover",0,0.0,7.0,240,0,0,1,1,0,"fallback",1,0.0,235,1,"executing",240,1,240
1.0,"hover",0,0.0,7.0,240,0,0,1,1,0,"fallback",2,0.0,235,1,"executing",240,1,240
1.0,"hover",0,0.0,7.0,240,0,0,1,1,0,"fallback",3,0.0,235,1,"executing",240,1,240
1.0,"mech",66,4.968333333333329,2.0316666666666707,191,0,202,22,8,0,"moving",1,0.0,157,23,"idle",240,1,191
1.0,"mech",67,4.986666666666662,2.013333333333338,240,0,202,27,10,0,"moving",2,0.0,150,28,"executing",240,1,240
1.0,"mech",178,4.986666666666662,2.013333333333338,239,0,202,27,10,0,"moving",3,0.0,150,28,"executing",240,1,239
1.0,"tracked",0,5.025000000000004,1.974999999999996,240,1,181,1,10,0,"moving",1,0.0,125,1,"executing",240,1,240
1.0,"tracked",0,5.025000000000004,1.974999999999996,240,1,181,1,10,0,"moving",2,0.0,125,1,"executing",240,1,240
1.0,"tracked",0,5.025000000000004,1.974999999999996,240,1,181,1,10,0,"moving",3,0.0,125,1,"executing",240,1,240
1.0,"wheeled",0,5.025000000000004,1.974999999999996,240,1,181,1,10,0,"moving",1,0.0,125,1,"executing",240,1,240
1.0,"wheeled",0,5.025000000000004,1.974999999999996,240,1,181,1,10,0,"moving",2,0.0,125,1,"executing",240,1,240
1.0,"wheeled",0,5.025000000000004,1.974999999999996,240,1,181,1,10,0,"moving",3,0.0,125,1,"executing",240,1,240
1.0,"hover",0,5.025000000000004,1.974999999999996,240,1,181,1,10,0,"moving",1,0.0,125,1,"executing",240,1,240
1.0,"hover",0,5.025000000000004,1.974999999999996,240,1,181,1,10,0,"moving",2,0.0,125,1,"executing",240,1,240
1.0,"hover",0,5.025000000000004,1.974999999999996,240,1,181,1,10,0,"moving",3,0.0,125,1,"executing",240,1,240
1.0,"mech",73,8.992500000000001,1.0074999999999985,240,1,55,26,2,0,"attack_move",1,0.0,25,27,"idle",240,1,240
1.0,"mech",68,8.992500000000001,1.0074999999999985,240,1,55,26,2,0,"attack_move",2,0.0,25,27,"idle",240,1,240
1.0,"mech",67,8.992500000000001,1.0074999999999985,239,1,55,26,2,0,"attack_move",3,0.0,25,27,"idle",240,1,239
1.0,"tracked",0,9.0,1.0000000000000075,240,1,56,1,2,0,"attack_move",1,0.0,11,1,"idle",240,1,240
1.0,"tracked",0,9.0,1.0000000000000075,240,1,56,1,2,0,"attack_move",2,0.0,11,1,"idle",240,1,240
1.0,"tracked",0,9.0,1.0000000000000075,240,1,56,1,2,0,"attack_move",3,0.0,11,1,"idle",240,1,240
1.0,"wheeled",0,9.0,1.0000000000000075,240,1,56,1,2,0,"attack_move",1,0.0,11,1,"idle",240,1,240
1.0,"wheeled",0,9.0,1.0000000000000075,240,1,56,1,2,0,"attack_move",2,0.0,11,1,"idle",240,1,240
1.0,"wheeled",0,9.0,1.0000000000000075,240,1,56,1,2,0,"attack_move",3,0.0,11,1,"idle",240,1,240
1.0,"hover",0,9.0,1.0000000000000075,240,1,56,1,2,0,"attack_move",1,0.0,11,1,"idle",240,1,240
1.0,"hover",0,9.0,1.0000000000000075,240,1,56,1,2,0,"attack_move",2,0.0,11,1,"idle",240,1,240
1.0,"hover",0,9.0,1.0000000000000075,240,1,56,1,2,0,"attack_move",3,0.0,11,1,"idle",240,1,240
0.9655172413793104,"mech",59,0.0,3.0,112,0,240,14,0,0,"jammed",1,0.0,231,15,"idle",240,5,116
0.9751552795031055,"mech",174,0.0,3.0,157,0,240,19,0,0,"jammed",2,0.0,231,20,"idle",240,5,161
0.9833333333333333,"mech",197,0.0,3.0,236,0,240,27,0,0,"jammed",3,0.0,231,28,"executing",240,5,240
0.9166666666666666,"tracked",20,0.0,3.0,220,0,240,1,0,0,"jammed",1,0.0,215,1,"executing",240,21,240
0.9166666666666666,"tracked",20,0.0,3.0,220,0,240,1,0,0,"jammed",2,0.0,215,1,"executing",240,21,240
0.9166666666666666,"tracked",20,0.0,3.0,220,0,240,1,0,0,"jammed",3,0.0,215,1,"executing",240,21,240
0.9166666666666666,"wheeled",20,0.0,3.0,220,0,240,1,0,0,"jammed",1,0.0,215,1,"executing",240,21,240
0.9166666666666666,"wheeled",20,0.0,3.0,220,0,240,1,0,0,"jammed",2,0.0,215,1,"executing",240,21,240
0.9166666666666666,"wheeled",20,0.0,3.0,220,0,240,1,0,0,"jammed",3,0.0,215,1,"executing",240,21,240
0.9166666666666666,"hover",20,0.0,3.0,220,0,240,1,0,0,"jammed",1,0.0,215,1,"executing",240,21,240
0.9166666666666666,"hover",20,0.0,3.0,220,0,240,1,0,0,"jammed",2,0.0,215,1,"executing",240,21,240
0.9166666666666666,"hover",20,0.0,3.0,220,0,240,1,0,0,"jammed",3,0.0,215,1,"executing",240,21,240
