arc_fraction,blocking_reason,chassis,clearance_tick,distance,excess_distance,first_geometry,first_shot,geometric_ticks,longest_contact_gap,longest_no_progress,outcome,preferred_band_ticks,range_error_sum,range_samples,reacquisitions,recovery_ticks,replans,reversals,role,sampled_ticks,scenario,schema,script_rejections,seed,settled_distance,shots,ticks,visible_ticks
1.0,,mech,,10.468333333333335,,1,1,240,0,0,window_end,93,192.62668590422822,240,0,,6,3,focal,240,crossing,1,0,1,0.08250000000000011,27,240,240
0.4668699186991866,,mech,,5.6038119612608375,,1,,137,0,11,window_end,93,192.62668590422822,240,0,,0,0,opponent,240,crossing,1,0,1,0.0625000000000011,0,240,240
1.0,,mech,,10.468333333333335,,1,1,240,0,0,window_end,93,192.62668590422822,240,0,,6,3,focal,240,crossing,1,0,2,0.08250000000000011,27,240,240
0.4668699186991866,,mech,,5.6038119612608375,,1,,137,0,11,window_end,93,192.62668590422822,240,0,,0,0,opponent,240,crossing,1,0,2,0.0625000000000011,0,240,240
1.0,,mech,,10.468333333333335,,1,1,240,0,0,window_end,93,192.62668590422822,240,0,,6,3,focal,240,crossing,1,0,3,0.08250000000000011,27,240,240
0.4668699186991866,,mech,,5.6038119612608375,,1,,137,0,11,window_end,93,192.62668590422822,240,0,,0,0,opponent,240,crossing,1,0,3,0.0625000000000011,0,240,240
1.0,,tracked,,6.899999999999985,,1,1,240,0,0,window_end,80,297.5771361730153,240,0,,3,0,focal,240,crossing,1,0,1,0.0,1,240,240
0.4893292682926825,,tracked,,5.6038119612608375,,1,,144,0,12,window_end,80,297.5771361730153,240,0,,0,0,opponent,240,crossing,1,0,1,0.08750000000000042,0,240,240
1.0,,tracked,,6.899999999999985,,1,1,240,0,0,window_end,80,297.5771361730153,240,0,,3,0,focal,240,crossing,1,0,2,0.0,1,240,240
0.4893292682926825,,tracked,,5.6038119612608375,,1,,144,0,12,window_end,80,297.5771361730153,240,0,,0,0,opponent,240,crossing,1,0,2,0.08750000000000042,0,240,240
1.0,,tracked,,6.899999999999985,,1,1,240,0,0,window_end,80,297.5771361730153,240,0,,3,0,focal,240,crossing,1,0,3,0.0,1,240,240
0.4893292682926825,,tracked,,5.6038119612608375,,1,,144,0,12,window_end,80,297.5771361730153,240,0,,0,0,opponent,240,crossing,1,0,3,0.08750000000000042,0,240,240
1.0,,wheeled,,6.899999999999985,,1,1,240,0,0,window_end,80,297.5771361730153,240,0,,3,0,focal,240,crossing,1,0,1,0.0,1,240,240
0.4893292682926825,,wheeled,,5.6038119612608375,,1,,144,0,12,window_end,80,297.5771361730153,240,0,,0,0,opponent,240,crossing,1,0,1,0.08750000000000042,0,240,240
1.0,,wheeled,,6.899999999999985,,1,1,240,0,0,window_end,80,297.5771361730153,240,0,,3,0,focal,240,crossing,1,0,2,0.0,1,240,240
0.4893292682926825,,wheeled,,5.6038119612608375,,1,,144,0,12,window_end,80,297.5771361730153,240,0,,0,0,opponent,240,crossing,1,0,2,0.08750000000000042,0,240,240
1.0,,wheeled,,6.899999999999985,,1,1,240,0,0,window_end,80,297.5771361730153,240,0,,3,0,focal,240,crossing,1,0,3,0.0,1,240,240
0.4893292682926825,,wheeled,,5.6038119612608375,,1,,144,0,12,window_end,80,297.5771361730153,240,0,,0,0,opponent,240,crossing,1,0,3,0.08750000000000042,0,240,240
1.0,,hover,,6.899999999999985,,1,1,240,0,0,window_end,80,297.5771361730153,240,0,,3,0,focal,240,crossing,1,0,1,0.0,1,240,240
0.4893292682926825,,hover,,5.6038119612608375,,1,,144,0,12,window_end,80,297.5771361730153,240,0,,0,0,opponent,240,crossing,1,0,1,0.08750000000000042,0,240,240
1.0,,hover,,6.899999999999985,,1,1,240,0,0,window_end,80,297.5771361730153,240,0,,3,0,focal,240,crossing,1,0,2,0.0,1,240,240
0.4893292682926825,,hover,,5.6038119612608375,,1,,144,0,12,window_end,80,297.5771361730153,240,0,,0,0,opponent,240,crossing,1,0,2,0.08750000000000042,0,240,240
1.0,,hover,,6.899999999999985,,1,1,240,0,0,window_end,80,297.5771361730153,240,0,,3,0,focal,240,crossing,1,0,3,0.0,1,240,240
0.4893292682926825,,hover,,5.6038119612608375,,1,,144,0,12,window_end,80,297.5771361730153,240,0,,0,0,opponent,240,crossing,1,0,3,0.08750000000000042,0,240,240
1.0,,mech,,5.8391666666666655,,1,1,240,0,0,window_end,0,144.49755843917475,240,0,,1,0,focal,240,duel,1,0,1,0.0,28,240,240
0.37997967479674793,UnitUnavailable,mech,,0.004166666666666557,,3,1,92,0,146,blocked,0,144.49755843917475,240,0,,2,0,opponent,240,duel,1,0,1,0.0,1,240,240
1.0,,mech,,3.987499999999999,,1,1,60,0,0,destroyed,25,94.02916746414893,60,0,,3,0,focal,60,duel,1,0,2,0.0,8,240,60
1.0,,mech,,2.666666666666669,,1,1,60,2,2,completed,25,94.02916746414893,60,0,,4,0,opponent,62,duel,1,0,2,0.0,3,240,60
1.0,,mech,,3.987499999999999,,1,1,240,0,0,window_end,0,139.1564497526878,240,0,,3,0,focal,240,duel,1,0,3,0.0,28,240,240
0.9589430894308943,UnitUnavailable,mech,,1.7916666666666667,,1,1,239,0,1,blocked,0,139.1564497526878,240,0,,4,0,opponent,240,duel,1,0,3,0.0,2,240,240
1.0,,tracked,,5.899999999999994,,1,1,240,0,0,window_end,0,232.30831115348806,240,0,,1,0,focal,240,duel,1,0,1,0.0,1,240,240
0.9883130081300813,UnitUnavailable,tracked,,0.004166666666666557,,3,1,238,0,2,blocked,0,232.30831115348806,240,0,,1,0,opponent,240,duel,1,0,1,0.0,1,240,240
1.0,,tracked,,3.333333333333329,,1,1,60,0,0,destroyed,17,121.16168213480111,60,0,,3,0,focal,60,duel,1,0,2,0.0,1,240,60
1.0,,tracked,,3.3333333333333286,,1,1,60,2,2,completed,17,121.16168213480111,60,0,,3,0,opponent,62,duel,1,0,2,0.0,3,240,60
1.0,,tracked,,3.999999999999997,,1,1,240,0,0,window_end,0,173.9869818300617,240,0,,3,0,focal,240,duel,1,0,3,0.0,1,240,240
0.9606707317073171,UnitUnavailable,tracked,,1.7916666666666605,,1,1,237,0,3,blocked,0,173.9869818300617,240,0,,4,0,opponent,240,duel,1,0,3,0.0,2,240,240
1.0,,wheeled,,5.899999999999994,,1,1,240,0,0,window_end,0,232.30831115348806,240,0,,1,0,focal,240,duel,1,0,1,0.0,1,240,240
0.9883130081300813,UnitUnavailable,wheeled,,0.004166666666666557,,3,1,238,0,2,blocked,0,232.30831115348806,240,0,,1,0,opponent,240,duel,1,0,1,0.0,1,240,240
1.0,,wheeled,,3.333333333333329,,1,1,60,0,0,destroyed,17,121.16168213480111,60,0,,3,0,focal,60,duel,1,0,2,0.0,1,240,60
1.0,,wheeled,,3.3333333333333286,,1,1,60,2,2,completed,17,121.16168213480111,60,0,,3,0,opponent,62,duel,1,0,2,0.0,3,240,60
1.0,,wheeled,,3.999999999999997,,1,1,240,0,0,window_end,0,173.9869818300617,240,0,,3,0,focal,240,duel,1,0,3,0.0,1,240,240
0.9606707317073171,UnitUnavailable,wheeled,,1.7916666666666605,,1,1,237,0,3,blocked,0,173.9869818300617,240,0,,4,0,opponent,240,duel,1,0,3,0.0,2,240,240
1.0,,hover,,5.899999999999994,,1,1,240,0,0,window_end,0,232.30831115348806,240,0,,1,0,focal,240,duel,1,0,1,0.0,1,240,240
0.9883130081300813,UnitUnavailable,hover,,0.004166666666666557,,3,1,238,0,2,blocked,0,232.30831115348806,240,0,,1,0,opponent,240,duel,1,0,1,0.0,1,240,240
1.0,,hover,,3.333333333333329,,1,1,60,0,0,destroyed,17,121.16168213480111,60,0,,3,0,focal,60,duel,1,0,2,0.0,1,240,60
1.0,,hover,,3.3333333333333286,,1,1,60,2,2,completed,17,121.16168213480111,60,0,,3,0,opponent,62,duel,1,0,2,0.0,3,240,60
1.0,,hover,,3.999999999999997,,1,1,240,0,0,window_end,0,173.9869818300617,240,0,,3,0,focal,240,duel,1,0,3,0.0,1,240,240
0.9606707317073171,UnitUnavailable,hover,,1.7916666666666605,,1,1,237,0,3,blocked,0,173.9869818300617,240,0,,4,0,opponent,240,duel,1,0,3,0.0,2,240,240
1.0,ContactLost,mech,,2.9333333333333105,,1,1,83,86,71,blocked,0,157.68203416209224,83,2,,3,0,focal,240,occluded,1,0,1,0.0,5,240,83
0.23391125477519845,,mech,,11.287499999999977,,1,,50,86,18,window_end,0,157.68203416209224,83,2,,0,0,opponent,240,occluded,1,0,1,0.025000000000000105,0,240,83
1.0,ContactLost,mech,,2.9333333333333105,,1,1,83,86,71,blocked,0,157.68203416209224,83,2,,3,0,focal,240,occluded,1,0,2,0.0,5,240,83
0.22456870910172524,,mech,,11.287499999999977,,1,,49,87,18,window_end,0,156.41243468990433,82,2,,0,0,opponent,240,occluded,1,0,2,0.025000000000000105,0,240,82
1.0,ContactLost,mech,,2.9333333333333105,,1,1,83,86,71,blocked,0,157.68203416209224,83,2,,3,0,focal,240,occluded,1,0,3,0.0,5,240,83
0.22456870910172524,,mech,,11.287499999999977,,1,,49,86,18,window_end,0,156.43232221403073,82,2,,0,0,opponent,240,occluded,1,0,3,0.025000000000000105,0,240,82
1.0,ContactLost,tracked,,1.3333333333333677,,1,1,33,207,176,blocked,0,108.97616650538505,33,0,,3,0,focal,240,occluded,1,0,1,0.0,1,240,33
0.3658536585365855,,tracked,,11.287499999999977,,1,,33,207,18,window_end,0,108.97616650538505,33,0,,0,0,opponent,240,occluded,1,0,1,0.025000000000000105,0,240,33
1.0,ContactLost,tracked,,1.3333333333333677,,1,1,33,207,176,blocked,0,108.97616650538505,33,0,,3,0,focal,240,occluded,1,0,2,0.0,1,240,33
0.3658536585365855,,tracked,,11.287499999999977,,1,,33,207,18,window_end,0,108.97616650538505,33,0,,0,0,opponent,240,occluded,1,0,2,0.025000000000000105,0,240,33
1.0,ContactLost,tracked,,1.3333333333333677,,1,1,33,207,176,blocked,0,108.97616650538505,33,0,,3,0,focal,240,occluded,1,0,3,0.0,1,240,33
0.3658536585365855,,tracked,,11.287499999999977,,1,,33,207,18,window_end,0,108.97616650538505,33,0,,0,0,opponent,240,occluded,1,0,3,0.025000000000000105,0,240,33
1.0,ContactLost,wheeled,,1.3333333333333677,,1,1,33,207,176,blocked,0,108.97616650538505,33,0,,3,0,focal,240,occluded,1,0,1,0.0,1,240,33
0.3658536585365855,,wheeled,,11.287499999999977,,1,,33,207,18,window_end,0,108.97616650538505,33,0,,0,0,opponent,240,occluded,1,0,1,0.025000000000000105,0,240,33
1.0,ContactLost,wheeled,,1.3333333333333677,,1,1,33,207,176,blocked,0,108.97616650538505,33,0,,3,0,focal,240,occluded,1,0,2,0.0,1,240,33
0.3658536585365855,,wheeled,,11.287499999999977,,1,,33,207,18,window_end,0,108.97616650538505,33,0,,0,0,opponent,240,occluded,1,0,2,0.025000000000000105,0,240,33
1.0,ContactLost,wheeled,,1.3333333333333677,,1,1,33,207,176,blocked,0,108.97616650538505,33,0,,3,0,focal,240,occluded,1,0,3,0.0,1,240,33
0.3658536585365855,,wheeled,,11.287499999999977,,1,,33,207,18,window_end,0,108.97616650538505,33,0,,0,0,opponent,240,occluded,1,0,3,0.025000000000000105,0,240,33
1.0,ContactLost,hover,,1.3333333333333677,,1,1,33,207,176,blocked,0,108.97616650538505,33,0,,3,0,focal,240,occluded,1,0,1,0.0,1,240,33
0.3658536585365855,,hover,,11.287499999999977,,1,,33,207,18,window_end,0,108.97616650538505,33,0,,0,0,opponent,240,occluded,1,0,1,0.025000000000000105,0,240,33
1.0,ContactLost,hover,,1.3333333333333677,,1,1,33,207,176,blocked,0,108.97616650538505,33,0,,3,0,focal,240,occluded,1,0,2,0.0,1,240,33
0.3658536585365855,,hover,,11.287499999999977,,1,,33,207,18,window_end,0,108.97616650538505,33,0,,0,0,opponent,240,occluded,1,0,2,0.025000000000000105,0,240,33
1.0,ContactLost,hover,,1.3333333333333677,,1,1,33,207,176,blocked,0,108.97616650538505,33,0,,3,0,focal,240,occluded,1,0,3,0.0,1,240,33
0.3658536585365855,,hover,,11.287499999999977,,1,,33,207,18,window_end,0,108.97616650538505,33,0,,0,0,opponent,240,occluded,1,0,3,0.025000000000000105,0,240,33
1.0,,mech,82,6.288333333333333,,1,,100,0,31,completed,23,37.948580714137606,100,0,1,3,0,focal,100,bottleneck,1,0,1,0.02749999999999988,0,240,100
0.18740666998506722,,mech,82,3.6999999999999975,,1,,24,0,6,completed,23,35.998884087048324,98,0,1,1,0,opponent,98,bottleneck,1,0,1,0.0,0,240,98
0.0,,mech,,3.556666666666666,,,,0,0,12,completed,16,49.44579283436278,55,0,,1,0,blocker_1,55,bottleneck,1,0,1,0.0,0,240,55
0.0,,mech,,3.556666666666666,,,,0,0,12,completed,16,49.44579283436278,55,0,,1,0,blocker_2,55,bottleneck,1,0,1,0.0,0,240,55
1.0,,mech,82,6.288333333333333,,1,,100,0,31,completed,23,37.948580714137606,100,0,1,3,0,focal,100,bottleneck,1,0,2,0.02749999999999988,0,240,100
0.18740666998506722,,mech,82,3.6999999999999975,,1,,24,0,6,completed,23,35.998884087048324,98,0,1,1,0,opponent,98,bottleneck,1,0,2,0.0,0,240,98
0.0,,mech,,3.556666666666666,,,,0,0,12,completed,16,49.44579283436278,55,0,,1,0,blocker_1,55,bottleneck,1,0,2,0.0,0,240,55
0.0,,mech,,3.556666666666666,,,,0,0,12,completed,16,49.44579283436278,55,0,,1,0,blocker_2,55,bottleneck,1,0,2,0.0,0,240,55
1.0,,mech,82,6.288333333333333,,1,,100,0,31,completed,23,37.948580714137606,100,0,1,3,0,focal,100,bottleneck,1,0,3,0.02749999999999988,0,240,100
0.18740666998506722,,mech,82,3.6999999999999975,,1,,24,0,6,completed,23,35.998884087048324,98,0,1,1,0,opponent,98,bottleneck,1,0,3,0.0,0,240,98
0.0,,mech,,3.556666666666666,,,,0,0,12,completed,16,49.44579283436278,55,0,,1,0,blocker_1,55,bottleneck,1,0,3,0.0,0,240,55
0.0,,mech,,3.556666666666666,,,,0,0,12,completed,16,49.44579283436278,55,0,,1,0,blocker_2,55,bottleneck,1,0,3,0.0,0,240,55
0.8551724137931035,,tracked,82,6.379166666666663,,1,,124,0,34,completed,16,83.04903245178262,145,0,1,3,0,focal,145,bottleneck,1,0,1,0.02500000000000034,0,240,145
0.18740666998506722,,tracked,82,3.6999999999999975,,1,,24,0,6,completed,0,63.27253899977303,98,0,1,1,0,opponent,98,bottleneck,1,0,1,0.0,0,240,98
0.13953488372093023,,tracked,82,3.6999999999999975,,1,,12,0,6,completed,0,129.03745243561718,86,0,,1,0,blocker_1,86,bottleneck,1,0,1,0.0,0,240,86
0.13953488372093023,,tracked,82,3.6999999999999975,,1,,12,0,6,completed,0,129.03745243561718,86,0,,1,0,blocker_2,86,bottleneck,1,0,1,0.0,0,240,86
0.8551724137931035,,tracked,82,6.379166666666663,,1,,124,0,34,completed,16,83.04903245178262,145,0,1,3,0,focal,145,bottleneck,1,0,2,0.02500000000000034,0,240,145
0.18740666998506722,,tracked,82,3.6999999999999975,,1,,24,0,6,completed,0,63.27253899977303,98,0,1,1,0,opponent,98,bottleneck,1,0,2,0.0,0,240,98
0.13953488372093023,,tracked,82,3.6999999999999975,,1,,12,0,6,completed,0,129.03745243561718,86,0,,1,0,blocker_1,86,bottleneck,1,0,2,0.0,0,240,86
0.13953488372093023,,tracked,82,3.6999999999999975,,1,,12,0,6,completed,0,129.03745243561718,86,0,,1,0,blocker_2,86,bottleneck,1,0,2,0.0,0,240,86
0.8551724137931035,,tracked,82,6.379166666666663,,1,,124,0,34,completed,16,83.04903245178262,145,0,1,3,0,focal,145,bottleneck,1,0,3,0.02500000000000034,0,240,145
0.18740666998506722,,tracked,82,3.6999999999999975,,1,,24,0,6,completed,0,63.27253899977303,98,0,1,1,0,opponent,98,bottleneck,1,0,3,0.0,0,240,98
0.13953488372093023,,tracked,82,3.6999999999999975,,1,,12,0,6,completed,0,129.03745243561718,86,0,,1,0,blocker_1,86,bottleneck,1,0,3,0.0,0,240,86
0.13953488372093023,,tracked,82,3.6999999999999975,,1,,12,0,6,completed,0,129.03745243561718,86,0,,1,0,blocker_2,86,bottleneck,1,0,3,0.0,0,240,86
0.8551724137931035,,wheeled,82,6.379166666666663,,1,,124,0,34,completed,16,83.04903245178262,145,0,1,3,0,focal,145,bottleneck,1,0,1,0.02500000000000034,0,240,145
0.18740666998506722,,wheeled,82,3.6999999999999975,,1,,24,0,6,completed,0,63.27253899977303,98,0,1,1,0,opponent,98,bottleneck,1,0,1,0.0,0,240,98
0.13953488372093023,,wheeled,82,3.6999999999999975,,1,,12,0,6,completed,0,129.03745243561718,86,0,,1,0,blocker_1,86,bottleneck,1,0,1,0.0,0,240,86
0.13953488372093023,,wheeled,82,3.6999999999999975,,1,,12,0,6,completed,0,129.03745243561718,86,0,,1,0,blocker_2,86,bottleneck,1,0,1,0.0,0,240,86
0.8551724137931035,,wheeled,82,6.379166666666663,,1,,124,0,34,completed,16,83.04903245178262,145,0,1,3,0,focal,145,bottleneck,1,0,2,0.02500000000000034,0,240,145
0.18740666998506722,,wheeled,82,3.6999999999999975,,1,,24,0,6,completed,0,63.27253899977303,98,0,1,1,0,opponent,98,bottleneck,1,0,2,0.0,0,240,98
0.13953488372093023,,wheeled,82,3.6999999999999975,,1,,12,0,6,completed,0,129.03745243561718,86,0,,1,0,blocker_1,86,bottleneck,1,0,2,0.0,0,240,86
0.13953488372093023,,wheeled,82,3.6999999999999975,,1,,12,0,6,completed,0,129.03745243561718,86,0,,1,0,blocker_2,86,bottleneck,1,0,2,0.0,0,240,86
0.8551724137931035,,wheeled,82,6.379166666666663,,1,,124,0,34,completed,16,83.04903245178262,145,0,1,3,0,focal,145,bottleneck,1,0,3,0.02500000000000034,0,240,145
0.18740666998506722,,wheeled,82,3.6999999999999975,,1,,24,0,6,completed,0,63.27253899977303,98,0,1,1,0,opponent,98,bottleneck,1,0,3,0.0,0,240,98
0.13953488372093023,,wheeled,82,3.6999999999999975,,1,,12,0,6,completed,0,129.03745243561718,86,0,,1,0,blocker_1,86,bottleneck,1,0,3,0.0,0,240,86
0.13953488372093023,,wheeled,82,3.6999999999999975,,1,,12,0,6,completed,0,129.03745243561718,86,0,,1,0,blocker_2,86,bottleneck,1,0,3,0.0,0,240,86
0.8551724137931035,,hover,82,6.379166666666663,,1,,124,0,34,completed,16,83.04903245178262,145,0,1,3,0,focal,145,bottleneck,1,0,1,0.02500000000000034,0,240,145
0.18740666998506722,,hover,82,3.6999999999999975,,1,,24,0,6,completed,0,63.27253899977303,98,0,1,1,0,opponent,98,bottleneck,1,0,1,0.0,0,240,98
0.13953488372093023,,hover,82,3.6999999999999975,,1,,12,0,6,completed,0,129.03745243561718,86,0,,1,0,blocker_1,86,bottleneck,1,0,1,0.0,0,240,86
0.13953488372093023,,hover,82,3.6999999999999975,,1,,12,0,6,completed,0,129.03745243561718,86,0,,1,0,blocker_2,86,bottleneck,1,0,1,0.0,0,240,86
0.8551724137931035,,hover,82,6.379166666666663,,1,,124,0,34,completed,16,83.04903245178262,145,0,1,3,0,focal,145,bottleneck,1,0,2,0.02500000000000034,0,240,145
0.18740666998506722,,hover,82,3.6999999999999975,,1,,24,0,6,completed,0,63.27253899977303,98,0,1,1,0,opponent,98,bottleneck,1,0,2,0.0,0,240,98
0.13953488372093023,,hover,82,3.6999999999999975,,1,,12,0,6,completed,0,129.03745243561718,86,0,,1,0,blocker_1,86,bottleneck,1,0,2,0.0,0,240,86
0.13953488372093023,,hover,82,3.6999999999999975,,1,,12,0,6,completed,0,129.03745243561718,86,0,,1,0,blocker_2,86,bottleneck,1,0,2,0.0,0,240,86
0.8551724137931035,,hover,82,6.379166666666663,,1,,124,0,34,completed,16,83.04903245178262,145,0,1,3,0,focal,145,bottleneck,1,0,3,0.02500000000000034,0,240,145
0.18740666998506722,,hover,82,3.6999999999999975,,1,,24,0,6,completed,0,63.27253899977303,98,0,1,1,0,opponent,98,bottleneck,1,0,3,0.0,0,240,98
0.13953488372093023,,hover,82,3.6999999999999975,,1,,12,0,6,completed,0,129.03745243561718,86,0,,1,0,blocker_1,86,bottleneck,1,0,3,0.0,0,240,86
0.13953488372093023,,hover,82,3.6999999999999975,,1,,12,0,6,completed,0,129.03745243561718,86,0,,1,0,blocker_2,86,bottleneck,1,0,3,0.0,0,240,86
1.0,,mech,,2.6766666666666667,,1,2,163,2,2,completed,135,36.064765474245235,163,0,,1,0,focal,165,pursuers,1,0,1,0.0,20,240,163
0.6871165644171779,,mech,,0.0,,1,,112,0,51,destroyed,135,36.064765474245235,163,0,,0,0,opponent,163,pursuers,1,0,1,0.0,0,240,163
1.0,,mech,,2.6766666666666663,,1,2,163,2,2,completed,0,159.2555899507995,163,0,,1,0,pursuer_1,165,pursuers,1,0,1,0.027499999999999813,19,240,163
1.0,,mech,,2.6766666666666667,,1,2,163,2,2,completed,135,36.064765474245235,163,0,,1,0,pursuer_2,165,pursuers,1,0,1,0.0,19,240,163
1.0,,mech,,2.6766666666666667,,1,2,240,0,0,window_end,212,36.064765474245235,240,0,,1,0,focal,240,pursuers,1,0,2,0.0,28,240,240
0.2125,,mech,,0.0,,1,,51,0,189,window_end,212,36.064765474245235,240,0,,0,0,opponent,240,pursuers,1,0,2,0.0,0,240,240
1.0,,mech,,2.6766666666666663,,1,2,240,0,0,window_end,0,200.67484081406155,240,0,,1,0,pursuer_1,240,pursuers,1,0,2,0.027499999999999813,28,240,240
1.0,,mech,,2.6766666666666667,,1,2,240,0,0,window_end,212,36.064765474245235,240,0,,1,0,pursuer_2,240,pursuers,1,0,2,0.0,28,240,240
1.0,,mech,,2.6766666666666667,,1,2,240,0,0,window_end,212,36.064765474245235,240,0,,1,0,focal,240,pursuers,1,0,3,0.0,28,240,240
0.3829268292682885,,mech,,0.0,,1,,240,0,0,window_end,212,36.064765474245235,240,0,,0,0,opponent,240,pursuers,1,0,3,0.0,0,240,240
1.0,,mech,,2.6766666666666663,,2,3,239,0,1,window_end,0,197.59207828376333,239,0,,1,0,pursuer_1,240,pursuers,1,0,3,0.027499999999999813,28,240,239
1.0,,mech,,2.6766666666666667,,1,2,240,0,0,window_end,212,36.064765474245235,240,0,,1,0,pursuer_2,240,pursuers,1,0,3,0.0,28,240,240
1.0,,tracked,,2.808333333333332,,1,2,240,0,0,window_end,196,57.51276360760984,240,0,,1,0,focal,240,pursuers,1,0,1,0.0,1,240,240
1.0,,tracked,,0.0,,1,,240,0,0,window_end,196,57.51276360760984,240,0,,0,0,opponent,240,pursuers,1,0,1,0.0,0,240,240
1.0,,tracked,,2.808333333333331,,1,2,240,0,0,window_end,0,229.1798008792633,240,0,,3,0,pursuer_1,240,pursuers,1,0,1,0.024999999999999755,1,240,240
1.0,,tracked,,2.808333333333332,,1,2,240,0,0,window_end,196,57.51276360760984,240,0,,1,0,pursuer_2,240,pursuers,1,0,1,0.0,1,240,240
1.0,,tracked,,2.808333333333332,,1,2,240,0,0,window_end,196,57.51276360760984,240,0,,1,0,focal,240,pursuers,1,0,2,0.0,1,240,240
1.0,,tracked,,0.0,,1,,240,0,0,window_end,196,57.51276360760984,240,0,,0,0,opponent,240,pursuers,1,0,2,0.0,0,240,240
1.0,,tracked,,2.808333333333331,,1,2,240,0,0,window_end,0,229.1798008792633,240,0,,3,0,pursuer_1,240,pursuers,1,0,2,0.024999999999999755,1,240,240
1.0,,tracked,,2.808333333333332,,1,2,240,0,0,window_end,196,57.51276360760984,240,0,,1,0,pursuer_2,240,pursuers,1,0,2,0.0,1,240,240
1.0,,tracked,,2.808333333333332,,1,2,240,0,0,window_end,196,57.51276360760984,240,0,,1,0,focal,240,pursuers,1,0,3,0.0,1,240,240
1.0,,tracked,,0.0,,1,,240,0,0,window_end,196,57.51276360760984,240,0,,0,0,opponent,240,pursuers,1,0,3,0.0,0,240,240
1.0,,tracked,,2.808333333333331,,1,2,240,0,0,window_end,0,229.1798008792633,240,0,,3,0,pursuer_1,240,pursuers,1,0,3,0.024999999999999755,1,240,240
1.0,,tracked,,2.808333333333332,,1,2,240,0,0,window_end,196,57.51276360760984,240,0,,1,0,pursuer_2,240,pursuers,1,0,3,0.0,1,240,240
1.0,,wheeled,,2.808333333333332,,1,2,240,0,0,window_end,196,57.51276360760984,240,0,,1,0,focal,240,pursuers,1,0,1,0.0,1,240,240
1.0,,wheeled,,0.0,,1,,240,0,0,window_end,196,57.51276360760984,240,0,,0,0,opponent,240,pursuers,1,0,1,0.0,0,240,240
1.0,,wheeled,,2.808333333333331,,1,2,240,0,0,window_end,0,229.1798008792633,240,0,,3,0,pursuer_1,240,pursuers,1,0,1,0.024999999999999755,1,240,240
1.0,,wheeled,,2.808333333333332,,1,2,240,0,0,window_end,196,57.51276360760984,240,0,,1,0,pursuer_2,240,pursuers,1,0,1,0.0,1,240,240
1.0,,wheeled,,2.808333333333332,,1,2,240,0,0,window_end,196,57.51276360760984,240,0,,1,0,focal,240,pursuers,1,0,2,0.0,1,240,240
1.0,,wheeled,,0.0,,1,,240,0,0,window_end,196,57.51276360760984,240,0,,0,0,opponent,240,pursuers,1,0,2,0.0,0,240,240
1.0,,wheeled,,2.808333333333331,,1,2,240,0,0,window_end,0,229.1798008792633,240,0,,3,0,pursuer_1,240,pursuers,1,0,2,0.024999999999999755,1,240,240
1.0,,wheeled,,2.808333333333332,,1,2,240,0,0,window_end,196,57.51276360760984,240,0,,1,0,pursuer_2,240,pursuers,1,0,2,0.0,1,240,240
1.0,,wheeled,,2.808333333333332,,1,2,240,0,0,window_end,196,57.51276360760984,240,0,,1,0,focal,240,pursuers,1,0,3,0.0,1,240,240
1.0,,wheeled,,0.0,,1,,240,0,0,window_end,196,57.51276360760984,240,0,,0,0,opponent,240,pursuers,1,0,3,0.0,0,240,240
1.0,,wheeled,,2.808333333333331,,1,2,240,0,0,window_end,0,229.1798008792633,240,0,,3,0,pursuer_1,240,pursuers,1,0,3,0.024999999999999755,1,240,240
1.0,,wheeled,,2.808333333333332,,1,2,240,0,0,window_end,196,57.51276360760984,240,0,,1,0,pursuer_2,240,pursuers,1,0,3,0.0,1,240,240
1.0,,hover,,2.808333333333332,,1,2,240,0,0,window_end,196,57.51276360760984,240,0,,1,0,focal,240,pursuers,1,0,1,0.0,1,240,240
1.0,,hover,,0.0,,1,,240,0,0,window_end,196,57.51276360760984,240,0,,0,0,opponent,240,pursuers,1,0,1,0.0,0,240,240
1.0,,hover,,2.808333333333331,,1,2,240,0,0,window_end,0,229.1798008792633,240,0,,3,0,pursuer_1,240,pursuers,1,0,1,0.024999999999999755,1,240,240
1.0,,hover,,2.808333333333332,,1,2,240,0,0,window_end,196,57.51276360760984,240,0,,1,0,pursuer_2,240,pursuers,1,0,1,0.0,1,240,240
1.0,,hover,,2.808333333333332,,1,2,240,0,0,window_end,196,57.51276360760984,240,0,,1,0,focal,240,pursuers,1,0,2,0.0,1,240,240
1.0,,hover,,0.0,,1,,240,0,0,window_end,196,57.51276360760984,240,0,,0,0,opponent,240,pursuers,1,0,2,0.0,0,240,240
1.0,,hover,,2.808333333333331,,1,2,240,0,0,window_end,0,229.1798008792633,240,0,,3,0,pursuer_1,240,pursuers,1,0,2,0.024999999999999755,1,240,240
1.0,,hover,,2.808333333333332,,1,2,240,0,0,window_end,196,57.51276360760984,240,0,,1,0,pursuer_2,240,pursuers,1,0,2,0.0,1,240,240
1.0,,hover,,2.808333333333332,,1,2,240,0,0,window_end,196,57.51276360760984,240,0,,1,0,focal,240,pursuers,1,0,3,0.0,1,240,240
1.0,,hover,,0.0,,1,,240,0,0,window_end,196,57.51276360760984,240,0,,0,0,opponent,240,pursuers,1,0,3,0.0,0,240,240
1.0,,hover,,2.808333333333331,,1,2,240,0,0,window_end,0,229.1798008792633,240,0,,3,0,pursuer_1,240,pursuers,1,0,3,0.024999999999999755,1,240,240
1.0,,hover,,2.808333333333332,,1,2,240,0,0,window_end,196,57.51276360760984,240,0,,1,0,pursuer_2,240,pursuers,1,0,3,0.0,1,240,240
0.5402414486921528,,mech,,6.480833333333328,0.0,1,,39,0,4,completed,12,64.14921889306443,71,0,,1,0,focal,71,passage,1,0,1,0.0,0,240,71
0.3494415317984956,,mech,,5.762499999999996,0.0,1,,39,0,6,completed,12,152.71354800418123,107,0,,1,0,opponent,107,passage,1,0,1,0.0,0,240,107
0.5402414486921528,,mech,,6.480833333333328,0.0,1,,39,0,4,completed,12,64.14921889306443,71,0,,1,0,focal,71,passage,1,0,2,0.0,0,240,71
0.3494415317984956,,mech,,5.762499999999996,0.0,1,,39,0,6,completed,12,152.71354800418123,107,0,,1,0,opponent,107,passage,1,0,2,0.0,0,240,107
0.5402414486921528,,mech,,6.480833333333328,0.0,1,,39,0,4,completed,12,64.14921889306443,71,0,,1,0,focal,71,passage,1,0,3,0.0,0,240,71
0.3494415317984956,,mech,,5.762499999999996,0.0,1,,39,0,6,completed,12,152.71354800418123,107,0,,1,0,opponent,107,passage,1,0,3,0.0,0,240,107
0.2831858407079646,,tracked,,6.5833333333333375,0.0,1,,32,0,6,completed,18,146.40859335994912,113,0,,1,0,focal,113,passage,1,0,1,0.0,0,240,113
0.48,,tracked,,5.70833333333333,0.0,1,,48,0,6,completed,18,107.37645316293252,100,0,,1,0,opponent,100,passage,1,0,1,0.0,0,240,100
0.2831858407079646,,tracked,,6.5833333333333375,0.0,1,,32,0,6,completed,18,146.40859335994912,113,0,,1,0,focal,113,passage,1,0,2,0.0,0,240,113
0.48,,tracked,,5.70833333333333,0.0,1,,48,0,6,completed,18,107.37645316293252,100,0,,1,0,opponent,100,passage,1,0,2,0.0,0,240,100
0.2831858407079646,,tracked,,6.5833333333333375,0.0,1,,32,0,6,completed,18,146.40859335994912,113,0,,1,0,focal,113,passage,1,0,3,0.0,0,240,113
0.48,,tracked,,5.70833333333333,0.0,1,,48,0,6,completed,18,107.37645316293252,100,0,,1,0,opponent,100,passage,1,0,3,0.0,0,240,100
0.2831858407079646,,wheeled,,6.5833333333333375,0.0,1,,32,0,6,completed,18,146.40859335994912,113,0,,1,0,focal,113,passage,1,0,1,0.0,0,240,113
0.48,,wheeled,,5.70833333333333,0.0,1,,48,0,6,completed,18,107.37645316293252,100,0,,1,0,opponent,100,passage,1,0,1,0.0,0,240,100
0.2831858407079646,,wheeled,,6.5833333333333375,0.0,1,,32,0,6,completed,18,146.40859335994912,113,0,,1,0,focal,113,passage,1,0,2,0.0,0,240,113
0.48,,wheeled,,5.70833333333333,0.0,1,,48,0,6,completed,18,107.37645316293252,100,0,,1,0,opponent,100,passage,1,0,2,0.0,0,240,100
0.2831858407079646,,wheeled,,6.5833333333333375,0.0,1,,32,0,6,completed,18,146.40859335994912,113,0,,1,0,focal,113,passage,1,0,3,0.0,0,240,113
0.48,,wheeled,,5.70833333333333,0.0,1,,48,0,6,completed,18,107.37645316293252,100,0,,1,0,opponent,100,passage,1,0,3,0.0,0,240,100
0.2831858407079646,,hover,,6.5833333333333375,0.0,1,,32,0,6,completed,18,146.40859335994912,113,0,,1,0,focal,113,passage,1,0,1,0.0,0,240,113
0.48,,hover,,5.70833333333333,0.0,1,,48,0,6,completed,18,107.37645316293252,100,0,,1,0,opponent,100,passage,1,0,1,0.0,0,240,100
0.2831858407079646,,hover,,6.5833333333333375,0.0,1,,32,0,6,completed,18,146.40859335994912,113,0,,1,0,focal,113,passage,1,0,2,0.0,0,240,113
0.48,,hover,,5.70833333333333,0.0,1,,48,0,6,completed,18,107.37645316293252,100,0,,1,0,opponent,100,passage,1,0,2,0.0,0,240,100
0.2831858407079646,,hover,,6.5833333333333375,0.0,1,,32,0,6,completed,18,146.40859335994912,113,0,,1,0,focal,113,passage,1,0,3,0.0,0,240,113
0.48,,hover,,5.70833333333333,0.0,1,,48,0,6,completed,18,107.37645316293252,100,0,,1,0,opponent,100,passage,1,0,3,0.0,0,240,100
1.0,Unreachable,mech,,0.0,,1,,240,0,239,blocked,0,111.38438763306078,240,0,,7,0,focal,240,no_passing_space,1,0,1,0.0,0,240,240
1.0,,mech,,0.0,,1,,240,0,0,window_end,0,111.38438763306078,240,0,,0,0,opponent,240,no_passing_space,1,0,1,0.0,0,240,240
0.0,,mech,,0.0,,,,0,0,240,window_end,0,480.0,240,0,,0,0,blocker_1,240,no_passing_space,1,0,1,0.0,0,240,240
0.0,,mech,,0.0,,,,0,0,240,window_end,0,480.0,240,0,,0,0,blocker_2,240,no_passing_space,1,0,1,0.0,0,240,240
1.0,Unreachable,mech,,0.0,,1,,240,0,239,blocked,0,111.38438763306078,240,0,,7,0,focal,240,no_passing_space,1,0,2,0.0,0,240,240
1.0,,mech,,0.0,,1,,240,0,0,window_end,0,111.38438763306078,240,0,,0,0,opponent,240,no_passing_space,1,0,2,0.0,0,240,240
0.0,,mech,,0.0,,,,0,0,240,window_end,0,480.0,240,0,,0,0,blocker_1,240,no_passing_space,1,0,2,0.0,0,240,240
0.0,,mech,,0.0,,,,0,0,240,window_end,0,480.0,240,0,,0,0,blocker_2,240,no_passing_space,1,0,2,0.0,0,240,240
1.0,Unreachable,mech,,0.0,,1,,240,0,239,blocked,0,111.38438763306078,240,0,,7,0,focal,240,no_passing_space,1,0,3,0.0,0,240,240
1.0,,mech,,0.0,,1,,240,0,0,window_end,0,111.38438763306078,240,0,,0,0,opponent,240,no_passing_space,1,0,3,0.0,0,240,240
0.0,,mech,,0.0,,,,0,0,240,window_end,0,480.0,240,0,,0,0,blocker_1,240,no_passing_space,1,0,3,0.0,0,240,240
0.0,,mech,,0.0,,,,0,0,240,window_end,0,480.0,240,0,,0,0,blocker_2,240,no_passing_space,1,0,3,0.0,0,240,240
1.0,Unreachable,tracked,,0.0,,1,,240,0,239,blocked,0,111.38438763306078,240,0,,7,0,focal,240,no_passing_space,1,0,1,0.0,0,240,240
1.0,,tracked,,0.0,,1,,240,0,0,window_end,0,111.38438763306078,240,0,,0,0,opponent,240,no_passing_space,1,0,1,0.0,0,240,240
1.0,,tracked,,0.0,,1,,240,0,0,window_end,0,480.0,240,0,,0,0,blocker_1,240,no_passing_space,1,0,1,0.0,0,240,240
1.0,,tracked,,0.0,,1,,240,0,0,window_end,0,480.0,240,0,,0,0,blocker_2,240,no_passing_space,1,0,1,0.0,0,240,240
1.0,Unreachable,tracked,,0.0,,1,,240,0,239,blocked,0,111.38438763306078,240,0,,7,0,focal,240,no_passing_space,1,0,2,0.0,0,240,240
1.0,,tracked,,0.0,,1,,240,0,0,window_end,0,111.38438763306078,240,0,,0,0,opponent,240,no_passing_space,1,0,2,0.0,0,240,240
1.0,,tracked,,0.0,,1,,240,0,0,window_end,0,480.0,240,0,,0,0,blocker_1,240,no_passing_space,1,0,2,0.0,0,240,240
1.0,,tracked,,0.0,,1,,240,0,0,window_end,0,480.0,240,0,,0,0,blocker_2,240,no_passing_space,1,0,2,0.0,0,240,240
1.0,Unreachable,tracked,,0.0,,1,,240,0,239,blocked,0,111.38438763306078,240,0,,7,0,focal,240,no_passing_space,1,0,3,0.0,0,240,240
1.0,,tracked,,0.0,,1,,240,0,0,window_end,0,111.38438763306078,240,0,,0,0,opponent,240,no_passing_space,1,0,3,0.0,0,240,240
1.0,,tracked,,0.0,,1,,240,0,0,window_end,0,480.0,240,0,,0,0,blocker_1,240,no_passing_space,1,0,3,0.0,0,240,240
1.0,,tracked,,0.0,,1,,240,0,0,window_end,0,480.0,240,0,,0,0,blocker_2,240,no_passing_space,1,0,3,0.0,0,240,240
1.0,Unreachable,wheeled,,0.0,,1,,240,0,239,blocked,0,111.38438763306078,240,0,,7,0,focal,240,no_passing_space,1,0,1,0.0,0,240,240
1.0,,wheeled,,0.0,,1,,240,0,0,window_end,0,111.38438763306078,240,0,,0,0,opponent,240,no_passing_space,1,0,1,0.0,0,240,240
1.0,,wheeled,,0.0,,1,,240,0,0,window_end,0,480.0,240,0,,0,0,blocker_1,240,no_passing_space,1,0,1,0.0,0,240,240
1.0,,wheeled,,0.0,,1,,240,0,0,window_end,0,480.0,240,0,,0,0,blocker_2,240,no_passing_space,1,0,1,0.0,0,240,240
1.0,Unreachable,wheeled,,0.0,,1,,240,0,239,blocked,0,111.38438763306078,240,0,,7,0,focal,240,no_passing_space,1,0,2,0.0,0,240,240
1.0,,wheeled,,0.0,,1,,240,0,0,window_end,0,111.38438763306078,240,0,,0,0,opponent,240,no_passing_space,1,0,2,0.0,0,240,240
1.0,,wheeled,,0.0,,1,,240,0,0,window_end,0,480.0,240,0,,0,0,blocker_1,240,no_passing_space,1,0,2,0.0,0,240,240
1.0,,wheeled,,0.0,,1,,240,0,0,window_end,0,480.0,240,0,,0,0,blocker_2,240,no_passing_space,1,0,2,0.0,0,240,240
1.0,Unreachable,wheeled,,0.0,,1,,240,0,239,blocked,0,111.38438763306078,240,0,,7,0,focal,240,no_passing_space,1,0,3,0.0,0,240,240
1.0,,wheeled,,0.0,,1,,240,0,0,window_end,0,111.38438763306078,240,0,,0,0,opponent,240,no_passing_space,1,0,3,0.0,0,240,240
1.0,,wheeled,,0.0,,1,,240,0,0,window_end,0,480.0,240,0,,0,0,blocker_1,240,no_passing_space,1,0,3,0.0,0,240,240
1.0,,wheeled,,0.0,,1,,240,0,0,window_end,0,480.0,240,0,,0,0,blocker_2,240,no_passing_space,1,0,3,0.0,0,240,240
1.0,Unreachable,hover,,0.0,,1,,240,0,239,blocked,0,111.38438763306078,240,0,,7,0,focal,240,no_passing_space,1,0,1,0.0,0,240,240
1.0,,hover,,0.0,,1,,240,0,0,window_end,0,111.38438763306078,240,0,,0,0,opponent,240,no_passing_space,1,0,1,0.0,0,240,240
1.0,,hover,,0.0,,1,,240,0,0,window_end,0,480.0,240,0,,0,0,blocker_1,240,no_passing_space,1,0,1,0.0,0,240,240
1.0,,hover,,0.0,,1,,240,0,0,window_end,0,480.0,240,0,,0,0,blocker_2,240,no_passing_space,1,0,1,0.0,0,240,240
1.0,Unreachable,hover,,0.0,,1,,240,0,239,blocked,0,111.38438763306078,240,0,,7,0,focal,240,no_passing_space,1,0,2,0.0,0,240,240
1.0,,hover,,0.0,,1,,240,0,0,window_end,0,111.38438763306078,240,0,,0,0,opponent,240,no_passing_space,1,0,2,0.0,0,240,240
1.0,,hover,,0.0,,1,,240,0,0,window_end,0,480.0,240,0,,0,0,blocker_1,240,no_passing_space,1,0,2,0.0,0,240,240
1.0,,hover,,0.0,,1,,240,0,0,window_end,0,480.0,240,0,,0,0,blocker_2,240,no_passing_space,1,0,2,0.0,0,240,240
1.0,Unreachable,hover,,0.0,,1,,240,0,239,blocked,0,111.38438763306078,240,0,,7,0,focal,240,no_passing_space,1,0,3,0.0,0,240,240
1.0,,hover,,0.0,,1,,240,0,0,window_end,0,111.38438763306078,240,0,,0,0,opponent,240,no_passing_space,1,0,3,0.0,0,240,240
1.0,,hover,,0.0,,1,,240,0,0,window_end,0,480.0,240,0,,0,0,blocker_1,240,no_passing_space,1,0,3,0.0,0,240,240
1.0,,hover,,0.0,,1,,240,0,0,window_end,0,480.0,240,0,,0,0,blocker_2,240,no_passing_space,1,0,3,0.0,0,240,240
1.0,,mech,,5.87666666666667,,1,1,240,0,0,window_end,0,141.1275083385977,240,0,,2,0,focal,240,mobility_damage,1,0,1,0.0,28,240,240
1.0,,mech,,0.0,,1,,240,0,0,window_end,0,141.1275083385977,240,0,,0,0,opponent,240,mobility_damage,1,0,1,0.0,0,240,240
1.0,,mech,,5.87666666666667,,1,1,240,0,0,window_end,0,141.1275083385977,240,0,,2,0,focal,240,mobility_damage,1,0,2,0.0,28,240,240
1.0,,mech,,0.0,,1,,240,0,0,window_end,0,141.1275083385977,240,0,,0,0,opponent,240,mobility_damage,1,0,2,0.0,0,240,240
1.0,,mech,,5.87666666666667,,1,1,240,0,0,window_end,0,141.1275083385977,240,0,,2,0,focal,240,mobility_damage,1,0,3,0.0,28,240,240
1.0,,mech,,0.0,,1,,240,0,0,window_end,0,141.1275083385977,240,0,,0,0,opponent,240,mobility_damage,1,0,3,0.0,0,240,240
1.0,,tracked,,5.891666666666658,,1,1,240,0,0,window_end,0,259.9471679278399,240,0,,2,0,focal,240,mobility_damage,1,0,1,0.0,1,240,240
1.0,,tracked,,0.0,,1,,240,0,0,window_end,0,259.9471679278399,240,0,,0,0,opponent,240,mobility_damage,1,0,1,0.0,0,240,240
1.0,,tracked,,5.891666666666658,,1,1,240,0,0,window_end,0,259.9471679278399,240,0,,2,0,focal,240,mobility_damage,1,0,2,0.0,1,240,240
1.0,,tracked,,0.0,,1,,240,0,0,window_end,0,259.9471679278399,240,0,,0,0,opponent,240,mobility_damage,1,0,2,0.0,0,240,240
1.0,,tracked,,5.891666666666658,,1,1,240,0,0,window_end,0,259.9471679278399,240,0,,2,0,focal,240,mobility_damage,1,0,3,0.0,1,240,240
1.0,,tracked,,0.0,,1,,240,0,0,window_end,0,259.9471679278399,240,0,,0,0,opponent,240,mobility_damage,1,0,3,0.0,0,240,240
1.0,,wheeled,,5.891666666666658,,1,1,240,0,0,window_end,0,259.9471679278399,240,0,,2,0,focal,240,mobility_damage,1,0,1,0.0,1,240,240
1.0,,wheeled,,0.0,,1,,240,0,0,window_end,0,259.9471679278399,240,0,,0,0,opponent,240,mobility_damage,1,0,1,0.0,0,240,240
1.0,,wheeled,,5.891666666666658,,1,1,240,0,0,window_end,0,259.9471679278399,240,0,,2,0,focal,240,mobility_damage,1,0,2,0.0,1,240,240
1.0,,wheeled,,0.0,,1,,240,0,0,window_end,0,259.9471679278399,240,0,,0,0,opponent,240,mobility_damage,1,0,2,0.0,0,240,240
1.0,,wheeled,,5.891666666666658,,1,1,240,0,0,window_end,0,259.9471679278399,240,0,,2,0,focal,240,mobility_damage,1,0,3,0.0,1,240,240
1.0,,wheeled,,0.0,,1,,240,0,0,window_end,0,259.9471679278399,240,0,,0,0,opponent,240,mobility_damage,1,0,3,0.0,0,240,240
1.0,,hover,,5.891666666666658,,1,1,240,0,0,window_end,0,259.9471679278399,240,0,,2,0,focal,240,mobility_damage,1,0,1,0.0,1,240,240
1.0,,hover,,0.0,,1,,240,0,0,window_end,0,259.9471679278399,240,0,,0,0,opponent,240,mobility_damage,1,0,1,0.0,0,240,240
1.0,,hover,,5.891666666666658,,1,1,240,0,0,window_end,0,259.9471679278399,240,0,,2,0,focal,240,mobility_damage,1,0,2,0.0,1,240,240
1.0,,hover,,0.0,,1,,240,0,0,window_end,0,259.9471679278399,240,0,,0,0,opponent,240,mobility_damage,1,0,2,0.0,0,240,240
1.0,,hover,,5.891666666666658,,1,1,240,0,0,window_end,0,259.9471679278399,240,0,,2,0,focal,240,mobility_damage,1,0,3,0.0,1,240,240
1.0,,hover,,0.0,,1,,240,0,0,window_end,0,259.9471679278399,240,0,,0,0,opponent,240,mobility_damage,1,0,3,0.0,0,240,240
0.8214285714285748,,mech,,5.8391666666666655,,1,1,240,0,0,window_end,0,145.45059235327807,240,0,,1,0,focal,240,mixed_arcs,1,0,1,0.0,28,240,240
1.0,,mech,,0.0,,1,,240,0,0,window_end,0,145.45059235327807,240,0,,0,0,opponent,240,mixed_arcs,1,0,1,0.0,0,240,240
0.8214285714285748,,mech,,5.8391666666666655,,1,1,240,0,0,window_end,0,145.45059235327807,240,0,,1,0,focal,240,mixed_arcs,1,0,2,0.0,28,240,240
1.0,,mech,,0.0,,1,,240,0,0,window_end,0,145.45059235327807,240,0,,0,0,opponent,240,mixed_arcs,1,0,2,0.0,0,240,240
0.8214285714285748,,mech,,5.8391666666666655,,1,1,240,0,0,window_end,0,145.45059235327807,240,0,,1,0,focal,240,mixed_arcs,1,0,3,0.0,28,240,240
0.7384146341463392,,mech,,0.0,,1,,240,0,0,window_end,0,145.45059235327807,240,0,,0,0,opponent,240,mixed_arcs,1,0,3,0.0,0,240,240
1.0,,tracked,,5.899999999999994,,1,1,240,0,0,window_end,0,233.2652535523951,240,0,,1,0,focal,240,mixed_arcs,1,0,1,0.0,1,240,240
1.0,,tracked,,0.0,,1,,240,0,0,window_end,0,233.2652535523951,240,0,,0,0,opponent,240,mixed_arcs,1,0,1,0.0,0,240,240
1.0,,tracked,,5.899999999999994,,1,1,240,0,0,window_end,0,233.2652535523951,240,0,,1,0,focal,240,mixed_arcs,1,0,2,0.0,1,240,240
1.0,,tracked,,0.0,,1,,240,0,0,window_end,0,233.2652535523951,240,0,,0,0,opponent,240,mixed_arcs,1,0,2,0.0,0,240,240
1.0,,tracked,,5.899999999999994,,1,1,240,0,0,window_end,0,233.2652535523951,240,0,,1,0,focal,240,mixed_arcs,1,0,3,0.0,1,240,240
1.0,,tracked,,0.0,,1,,240,0,0,window_end,0,233.2652535523951,240,0,,0,0,opponent,240,mixed_arcs,1,0,3,0.0,0,240,240
1.0,,wheeled,,5.899999999999994,,1,1,240,0,0,window_end,0,233.2652535523951,240,0,,1,0,focal,240,mixed_arcs,1,0,1,0.0,1,240,240
1.0,,wheeled,,0.0,,1,,240,0,0,window_end,0,233.2652535523951,240,0,,0,0,opponent,240,mixed_arcs,1,0,1,0.0,0,240,240
1.0,,wheeled,,5.899999999999994,,1,1,240,0,0,window_end,0,233.2652535523951,240,0,,1,0,focal,240,mixed_arcs,1,0,2,0.0,1,240,240
1.0,,wheeled,,0.0,,1,,240,0,0,window_end,0,233.2652535523951,240,0,,0,0,opponent,240,mixed_arcs,1,0,2,0.0,0,240,240
1.0,,wheeled,,5.899999999999994,,1,1,240,0,0,window_end,0,233.2652535523951,240,0,,1,0,focal,240,mixed_arcs,1,0,3,0.0,1,240,240
1.0,,wheeled,,0.0,,1,,240,0,0,window_end,0,233.2652535523951,240,0,,0,0,opponent,240,mixed_arcs,1,0,3,0.0,0,240,240
1.0,,hover,,5.899999999999994,,1,1,240,0,0,window_end,0,233.2652535523951,240,0,,1,0,focal,240,mixed_arcs,1,0,1,0.0,1,240,240
1.0,,hover,,0.0,,1,,240,0,0,window_end,0,233.2652535523951,240,0,,0,0,opponent,240,mixed_arcs,1,0,1,0.0,0,240,240
1.0,,hover,,5.899999999999994,,1,1,240,0,0,window_end,0,233.2652535523951,240,0,,1,0,focal,240,mixed_arcs,1,0,2,0.0,1,240,240
1.0,,hover,,0.0,,1,,240,0,0,window_end,0,233.2652535523951,240,0,,0,0,opponent,240,mixed_arcs,1,0,2,0.0,0,240,240
1.0,,hover,,5.899999999999994,,1,1,240,0,0,window_end,0,233.2652535523951,240,0,,1,0,focal,240,mixed_arcs,1,0,3,0.0,1,240,240
1.0,,hover,,0.0,,1,,240,0,0,window_end,0,233.2652535523951,240,0,,0,0,opponent,240,mixed_arcs,1,0,3,0.0,0,240,240
